existing_url,current_title,current_h1,primary_intent,target_query,indexable,canonical,incoming_links,outgoing_links,action,http_status,description_length,official_source_count,verified_date,candidate_numbers,candidate_queries
/life/education/,🎒 学ぶ・育つ | 静岡県森町ライフハック,🎒 学ぶ・育つ,学校・学区・教育相談の情報を一覧で把握する,森町 学校,True,https://morimachi.enshu-lifehack.com/life/education/,20,13,KEEP,200,98,1,2026-07-04,,
/life/education/after-school-club/,静岡県森町の放課後児童クラブは、対象学年と申請時期（例年9月）を先に確認する | 森町ライフハック,森町の放課後児童クラブは、対象学年と申請時期（例年9月）を先に確認する,放課後児童クラブの対象と申込時期を確認する,森町 放課後児童クラブ 学童,True,https://morimachi.enshu-lifehack.com/life/education/after-school-club/,21,14,UPDATE,200,131,3,2026-07-04,154,森町 学童保育
/life/education/educational-consulting/,静岡県森町の教育相談は、教育支援センター「わかば」と学校教育課へ困りごとを一文で整理してから相談する,森町の教育相談は、教育支援センター「わかば」と学校教育課へ困りごとを一文で整理してから相談する,学校に行きづらい・就学の不安を相談する,森町 教育相談 不登校,True,https://morimachi.enshu-lifehack.com/life/education/educational-consulting/,21,14,UPDATE,200,103,2,2026-07-04,,
/life/education/elementary-middle-school/,静岡県森町の小中学校は5校（小学校3校・中学校2校）、学校一覧と手続きを分けて見る | 森町ライフハック,森町の小中学校は5校（小学校3校・中学校2校）、学校一覧と手続きを分けて見る,森町の小中学校の一覧と連絡先を知る,森町 小中学校 一覧,True,https://morimachi.enshu-lifehack.com/life/education/elementary-middle-school/,22,13,KEEP,200,97,2,2026-07-03,,
/life/education/school-district-transfer/,転校は、住所異動の届出と通学中の学校での手続きをまとめて確認する | 静岡県森町ライフハック,転校は、住所異動の届出と通学中の学校での手続きをまとめて確認する,転校の手続きを進める,森町 転校 手続き,True,https://morimachi.enshu-lifehack.com/life/education/school-district-transfer/,23,14,KEEP,200,94,2,2026-07-04,152,森町 転校 手続き
/life/education/school-expense-support/,学校費用の不安は、就学援助制度と学校教育課への相談を先に確認する | 静岡県森町ライフハック,学校費用の不安は、就学援助制度と学校教育課への相談を先に確認する,学校費用の負担を軽くする制度を使う,森町 就学援助,True,https://morimachi.enshu-lifehack.com/life/education/school-expense-support/,23,14,KEEP,200,102,1,2026-07-03,153,森町 就学援助
/life/education/school-meals/,学校給食は、献立・費用・アレルギー対応を学校教育課に分けて確認する | 静岡県森町ライフハック,学校給食は、献立・費用・アレルギー対応を学校教育課に分けて確認する,学校給食の献立・費用・アレルギー対応を確認する,森町 学校給食,True,https://morimachi.enshu-lifehack.com/life/education/school-meals/,6,14,KEEP,200,107,1,2026-07-04,,
/life/education/school-zones/,静岡県森町の小学校・中学校の学区｜住所から通学区域を確認 | 森町ライフハック,森町の小学校・中学校の学区｜住所から通学区域を確認,住所からどの小中学校に通うか確かめる,森町 学区,True,https://morimachi.enshu-lifehack.com/life/education/school-zones/,55,22,UPDATE,200,62,2,2026-08-06,150 / 151,森町 小学校 学区 / 森町 中学校 学区
/life/education/study-facilities/,学習場所は、静岡県森町立図書館の閲覧コーナーと開館日を先に確認する | 森町ライフハック,学習場所は、森町立図書館の閲覧コーナーと開館日を先に確認する,子どもが勉強できる場所を探す,森町 図書館 学習室,True,https://morimachi.enshu-lifehack.com/life/education/study-facilities/,6,14,KEEP,200,115,3,2026-07-04,,
/life/emergency/,⚠️ もしもの時 | 静岡県森町ライフハック,⚠️ もしもの時,防災・災害時の行動と窓口を一覧で把握する,森町 防災,True,https://morimachi.enshu-lifehack.com/life/emergency/,21,16,KEEP,200,90,1,2026-07-04,,
/life/emergency/disaster-certificates-procedures/,災害にあった後、何から動くか。静岡県森町でり災証明書と税の減免手続きを順番に整理する。 | 森町ライフハック,災害にあった後、何から動くか。森町でり災証明書と税の減免手続きを順番に整理する。,り災証明書と税の減免を申請する,森町 り災証明書,True,https://morimachi.enshu-lifehack.com/life/emergency/disaster-certificates-procedures/,22,15,KEEP,200,114,1,2026-07-04,,
/life/emergency/disaster-mail-line/,災害の知らせを取りこぼさないよう、静岡県森町LINE公式アカウント・ちゃっとメールで平常時から備える。,災害の知らせを取りこぼさないよう、森町LINE公式アカウント・ちゃっとメールで平常時から備える。,災害情報の受け取り方を設定する,森町 防災 LINE メール,True,https://morimachi.enshu-lifehack.com/life/emergency/disaster-mail-line/,20,14,UPDATE,200,107,1,2026-07-04,171,森町 防災 無線
/life/emergency/earthquake/,地震・津波の備えを、静岡県森町の補助制度を使いながら今日できることから一つずつ。 | 森町ライフハック,地震・津波の備えを、森町の補助制度を使いながら今日できることから一つずつ。,地震・津波に備える,森町 地震 備え,True,https://morimachi.enshu-lifehack.com/life/emergency/earthquake/,22,15,KEEP,200,106,2,2026-07-04,,
/life/emergency/evacuation-centers/,いざというとき、どこへ避難するかを静岡県森町のハザードマップと指定避難所で今のうちに決めておく。 | 森町ライフハック,いざというとき、どこへ避難するかを森町のハザードマップと指定避難所で今のうちに決めておく。,指定避難所の場所を確認する,森町 避難所,True,https://morimachi.enshu-lifehack.com/life/emergency/evacuation-centers/,22,15,KEEP,200,95,1,2026-07-04,162,森町 避難所
/life/emergency/evacuation-hazard-map/,静岡県森町のハザードマップ｜洪水・土砂災害・避難所を確認 | 森町ライフハック,森町のハザードマップ｜洪水・土砂災害・避難所を確認,いつ・どこへ逃げるかを決めておく,森町 ハザードマップ 避難,True,https://morimachi.enshu-lifehack.com/life/emergency/evacuation-hazard-map/,46,23,UPDATE,200,56,2,2026-08-06,161 / 163 / 164,森町 ハザードマップ / 森町 洪水 / 森町 土砂災害
/life/emergency/fire-ambulance/,火事のとき、急病のとき。まず119番。静岡県森町は袋井消防本部が管轄。 | 森町ライフハック,火事のとき、急病のとき。まず119番。森町は袋井消防本部が管轄。,火事・急病のときの119番と管轄を知る,森町 消防 救急 119,True,https://morimachi.enshu-lifehack.com/life/emergency/fire-ambulance/,23,15,KEEP,200,93,2,2026-07-03,,
/life/emergency/pet-disaster-prevention/,ペットと一緒に逃げる。そのための備えを、災害が来る前に整える。 | 静岡県森町ライフハック,ペットと一緒に逃げる。そのための備えを、災害が来る前に整える。,ペットと一緒に避難する備えをする,森町 ペット 同行避難,True,https://morimachi.enshu-lifehack.com/life/emergency/pet-disaster-prevention/,6,15,KEEP,200,107,4,2026-07-04,,
/life/emergency/road-river-info/,大雨・台風のとき、道路の通行止めと川の水位を静岡県のシステムで今すぐ確かめる。 | 森町ライフハック,大雨・台風のとき、道路の通行止めと川の水位を静岡県のシステムで今すぐ確かめる。,道路の通行止めと川の水位を今すぐ確かめる,森町 通行止め 川 水位,True,https://morimachi.enshu-lifehack.com/life/emergency/road-river-info/,11,15,UPDATE,200,87,1,2026-07-04,165 / 166,森町 大雨 道路 / 森町 河川 水位
/life/end-of-life/,🕊️ 人生の終わり（静岡県森町版） | 森町ライフハック,🕊️ 人生の終わり（森町版）,おくやみ・相続・空き家の手続きを一覧で把握する,森町 おくやみ 相続,True,https://morimachi.enshu-lifehack.com/life/end-of-life/,20,12,KEEP,200,114,2,2026-08-06,,
/life/end-of-life/bereavement/,静岡県森町で家族が亡くなったら｜期限順にやることを整理する | 森町ライフハック,森町で家族が亡くなったら、期限の早い手続きから順に進める,家族が亡くなった後の手続きを期限順に進める,森町 死亡届 おくやみ,True,https://morimachi.enshu-lifehack.com/life/end-of-life/bereavement/,24,14,UPDATE,200,91,3,2026-07-04,31 / 32 / 33 / 34,森町 家族 死亡 手続き / 森町 死亡届 / 森町 おくやみ 手続き / 森町 世帯主 死亡
/life/end-of-life/grave-memorial/,お墓・供養は、改葬許可の手続きと墓地の確認先を分けて進める | 静岡県森町ライフハック,お墓・供養は、改葬許可の手続きと墓地の確認先を分けて進める,お墓・供養・改葬の進め方を知る,森町 改葬許可 墓,True,https://morimachi.enshu-lifehack.com/life/end-of-life/grave-memorial/,9,13,KEEP,200,110,3,,,
/life/end-of-life/inheritance/,相続は、静岡県森町の固定資産税・戸籍手続きと家族で決めることを分けて進める | 森町ライフハック,相続は、森町の固定資産税・戸籍手続きと家族で決めることを分けて進める,相続で何をいつまでにやるか整理する,森町 相続 手続き,True,https://morimachi.enshu-lifehack.com/life/end-of-life/inheritance/,22,13,UPDATE,200,127,2,2026-07-04,17 / 21 / 22 / 24 / 25 / 27 / 28 / 29 / 30 / 35 / 39 / 46 / 47 / 49 / 52 / 58,森町 空き家 名義変更 / 森町 相続登記 / 森町 土地 相続 / 森町 相続 手続き / 森町 相続 必要書類 / 森町 相続人 調べ方 / 森町 遺産分割協議 / 森町 相続 放棄 / 森町 相続 戸籍 / 森町 死亡後 名義変更 / 森町 相続 山林 / 森町 田んぼ 相続 / 森町 畑 相続 / 森町 土地 名義変更 / 森町 山林 相続 / 森町 不動産 相続
/life/end-of-life/inherited-house/,静岡県森町の親の家をどうするか｜使う・貸す・売る・解体の決め方 | 森町ライフハック,森町で相続した親の家を、使う・貸す・売る・解体するのどれにするか決める,相続した親の家を使う・貸す・売る・解体するを決める,親の家 相続 どうする,True,https://morimachi.enshu-lifehack.com/life/end-of-life/inherited-house/,26,19,UPDATE,200,90,3,2026-07-04,1 / 2 / 6 / 20 / 23 / 36 / 37 / 59 / 80,森町 空き家 相続 / 森町 実家 相続 / 森町 空き家 補助金 / 森町 親の家 どうする / 森町 家 相続 / 森町 相続空き家 3000万円控除 / 森町 被相続人居住用家屋等確認書 / 森町 空き地 管理 / 森町 介護 空き家
/life/end-of-life/pension-inheritance/,年金の手続きは、国民健康保険と国民年金の窓口を分けて確認する | 静岡県森町ライフハック,年金の手続きは、国民健康保険と国民年金の窓口を分けて確認する,亡くなった後の年金・保険の手続きをする,森町 死亡 年金 手続き,True,https://morimachi.enshu-lifehack.com/life/end-of-life/pension-inheritance/,16,12,KEEP,200,130,2,2026-07-04,,
/life/end-of-life/property-tax-inheritance/,固定資産税の相続は、静岡県森町税務課への相続人代表者指定届を先に確認する | 森町ライフハック,固定資産税の相続は、森町税務課への相続人代表者指定届を先に確認する,相続した不動産の固定資産税の手続きをする,森町 固定資産税 相続人代表者,True,https://morimachi.enshu-lifehack.com/life/end-of-life/property-tax-inheritance/,9,12,UPDATE,200,114,3,2026-07-04,9 / 26 / 140,森町 空き家 固定資産税 / 森町 相続 固定資産税 / 森町 固定資産税 相続
/life/family-grow/,👶 家族が増える | 静岡県森町ライフハック,👶 家族が増える,結婚・妊娠・出産・子育ての手続きを一覧で把握する,森町 子育て 手続き,True,https://morimachi.enshu-lifehack.com/life/family-grow/,27,18,KEEP,200,132,1,2026-07-04,,
/life/family-grow/child-allowance/,静岡県森町の児童手当｜申請期限・支給額・必要書類 | 森町ライフハック,森町の児童手当｜申請期限・支給額・必要書類,児童手当とこども医療費助成を期限内に申請する,森町 児童手当,True,https://morimachi.enshu-lifehack.com/life/family-grow/child-allowance/,48,22,UPDATE,200,59,1,2026-08-06,141 / 142,森町 児童手当 / 森町 こども医療費
/life/family-grow/child-vaccination/,子どもの予防接種は、母子健康手帳と予診票をそろえて医療機関で受ける。 | 静岡県森町ライフハック,子どもの予防接種は、母子健康手帳と予診票をそろえて医療機関で受ける。,子どもの予防接種を受ける,森町 予防接種 子ども,True,https://morimachi.enshu-lifehack.com/life/family-grow/child-vaccination/,31,15,KEEP,200,95,1,2026-07-04,155,森町 予防接種 子ども
/life/family-grow/childbirth/,赤ちゃんが生まれたら、出生届・児童手当・新生児出生通知をまとめて進める。 | 静岡県森町ライフハック,赤ちゃんが生まれたら、出生届・児童手当・新生児出生通知をまとめて進める。,出生届と出産後の手続きをまとめて進める,森町 出生届,True,https://morimachi.enshu-lifehack.com/life/family-grow/childbirth/,33,16,KEEP,200,101,1,2026-07-04,143 / 159,森町 出生届 / 森町 出産 手続き
/life/family-grow/developmental-support/,子どもの発達が気になったら、子ども相談・親子療育教室・ことばの教室から選ぶ。 | 静岡県森町ライフハック,子どもの発達が気になったら、子ども相談・親子療育教室・ことばの教室から選ぶ。,子どもの発達の心配を相談する,森町 発達相談,True,https://morimachi.enshu-lifehack.com/life/family-grow/developmental-support/,28,16,KEEP,200,110,1,2026-07-04,,
/life/family-grow/infant-health-check/,乳幼児健診の案内を見落とさず、1か月・4か月・10か月・1歳6か月・3歳児で確認する。 | 静岡県森町ライフハック,乳幼児健診の案内を見落とさず、1か月・4か月・10か月・1歳6か月・3歳児で確認する。,乳幼児健診の時期と会場を確認する,森町 乳幼児健診,True,https://morimachi.enshu-lifehack.com/life/family-grow/infant-health-check/,29,15,KEEP,200,96,2,2026-07-04,156,森町 乳幼児健診
/life/family-grow/marriage/,婚姻届を出す日と、結婚新生活支援補助金など結婚後の手続きを先に整理する。 | 静岡県森町ライフハック,婚姻届を出す日と、結婚新生活支援補助金など結婚後の手続きを先に整理する。,婚姻届の提出と結婚後の手続きを進める,森町 婚姻届,True,https://morimachi.enshu-lifehack.com/life/family-grow/marriage/,31,16,KEEP,200,102,2,2026-07-04,,
/life/family-grow/nursery-childcare/,保育園の入所申込みと病児・病後児保育を、必要なタイミングから確認する。 | 静岡県森町ライフハック,保育園の入所申込みと病児・病後児保育を、必要なタイミングから確認する。,保育園の入所申込みと病児保育を利用する,森町 保育園 申込み,True,https://morimachi.enshu-lifehack.com/life/family-grow/nursery-childcare/,21,16,KEEP,200,94,2,2026-07-04,148,森町 保育園 申込み
/life/family-grow/nursery-school/,静岡県森町の保育園・幼稚園｜空き状況・申込み・施設一覧 | 森町ライフハック,森町の保育園・幼稚園｜空き状況・申込み・施設一覧,幼稚園・保育園の選び方を知る,森町 保育園 空き状況,True,https://morimachi.enshu-lifehack.com/life/family-grow/nursery-school/,28,22,UPDATE,200,60,1,2026-08-06,146 / 147 / 149,森町 保育園 / 森町 保育園 空き / 森町 幼稚園
/life/family-grow/parenting-support/,子育てで迷ったら、こども家庭センターと児童館・子育て応援アプリを使い分ける。 | 静岡県森町ライフハック,子育てで迷ったら、こども家庭センターと児童館・子育て応援アプリを使い分ける。,子育ての悩みを相談できる場所を見つける,森町 子育て相談,True,https://morimachi.enshu-lifehack.com/life/family-grow/parenting-support/,18,15,KEEP,200,90,3,2026-07-04,158,森町 子育て 支援
/life/family-grow/pregnancy/,妊娠がわかったら、まず妊娠届を出して母子健康手帳を受け取る。 | 静岡県森町ライフハック,妊娠がわかったら、まず妊娠届を出して母子健康手帳を受け取る。,妊娠届を出して母子健康手帳を受け取る,森町 妊娠届 母子手帳,True,https://morimachi.enshu-lifehack.com/life/family-grow/pregnancy/,12,16,UPDATE,200,88,1,2026-07-04,144 / 145,森町 妊娠届 / 森町 母子手帳
/life/family-grow/single-parent-support/,ひとり親家庭の児童扶養手当・医療費助成を、最初に見る順番で整理する。 | 静岡県森町ライフハック,ひとり親家庭の児童扶養手当・医療費助成を、最初に見る順番で整理する。,ひとり親家庭の手当と助成を受ける,森町 児童扶養手当,True,https://morimachi.enshu-lifehack.com/life/family-grow/single-parent-support/,5,16,UPDATE,200,92,2,2026-07-04,157,森町 ひとり親 支援
/life/health-medical/,🏥 健康・医療（静岡県森町版トップ） | 森町ライフハック,🏥 健康・医療（森町版トップ）,医療・検診・障がい福祉の情報を一覧で把握する,森町 医療,True,https://morimachi.enshu-lifehack.com/life/health-medical/,25,17,KEEP,200,113,2,2026-08-06,,
/life/health-medical/adult-vaccination/,静岡県森町のおとなの予防接種は、対象年齢と接種時期・自己負担額を先に確認する | 森町ライフハック,森町のおとなの予防接種は、対象年齢と接種時期・自己負担額を先に確認する,おとなの予防接種の対象と費用を確認する,森町 高齢者 予防接種,True,https://morimachi.enshu-lifehack.com/life/health-medical/adult-vaccination/,25,16,KEEP,200,125,2,2026-07-04,,
/life/health-medical/cancer-specific-checkups/,静岡県森町のがん検診と患者支援制度は、対象と時期を分けて確認する | 森町ライフハック,森町のがん検診と患者支援制度は、対象と時期を分けて確認する,がん検診の対象と時期を確認する,森町 がん検診,True,https://morimachi.enshu-lifehack.com/life/health-medical/cancer-specific-checkups/,25,16,KEEP,200,106,2,2026-07-04,,
/life/health-medical/dental-care/,静岡県森町の歯科・口の健康は、歯周病検診と町内の歯科医院を分けて確認する | 森町ライフハック,森町の歯科・口の健康は、歯周病検診と町内の歯科医院を分けて確認する,歯科検診と町内の歯科医院を確認する,森町 歯科 歯周病検診,True,https://morimachi.enshu-lifehack.com/life/health-medical/dental-care/,24,15,KEEP,200,117,2,2026-07-04,,
/life/health-medical/disability-welfare/,静岡県森町の障がい者手帳・福祉は、手帳の種類と申請窓口を分けて確認する | 森町ライフハック,森町の障がい者手帳・福祉は、手帳の種類と申請窓口を分けて確認する,障がい者手帳の取得と福祉サービスを利用する,森町 障害者手帳,True,https://morimachi.enshu-lifehack.com/life/health-medical/disability-welfare/,54,15,UPDATE,200,98,1,2026-07-04,,
/life/health-medical/find-hospitals/,静岡県森町で医療機関を探すときは、公立森町病院と町内診療所・広域の医療情報ネットを分けて確認する | 森町ライフハック,森町で医療機関を探すときは、公立森町病院と町内診療所・広域の医療情報ネットを分けて確認する,森町とその周辺で医療機関を探す,森町 病院 診療所,True,https://morimachi.enshu-lifehack.com/life/health-medical/find-hospitals/,26,16,KEEP,200,128,2,2026-07-03,,
/life/health-medical/health-checkups/,静岡県森町の健康診断とがん検診は、総合検診・特定健診の受診券と対象条件を先に確認する | 森町ライフハック,森町の健康診断とがん検診は、総合検診・特定健診の受診券と対象条件を先に確認する,受けられる健診・検診を選ぶ,森町 健康診断 検診,True,https://morimachi.enshu-lifehack.com/life/health-medical/health-checkups/,25,16,KEEP,200,125,2,2026-07-04,,
/life/health-medical/health-promotion/,静岡県森町の健康づくりは、生活習慣相談と健診・健康マイレージ事業を先に整理する | 森町ライフハック,森町の健康づくりは、生活習慣相談と健診・健康マイレージ事業を先に整理する,健康づくりの取り組みに参加する,森町 健康マイレージ,True,https://morimachi.enshu-lifehack.com/life/health-medical/health-promotion/,24,15,KEEP,200,98,2,2026-07-04,,
/life/health-medical/mental-health-consulting/,静岡県森町のこころの相談は、町の健康相談と県の心の電話・精神科救急ダイヤルを分けて確認する | 森町ライフハック,森町のこころの相談は、町の健康相談と県の心の電話・精神科救急ダイヤルを分けて確認する,こころの不調を相談する,森町 こころの相談,True,https://morimachi.enshu-lifehack.com/life/health-medical/mental-health-consulting/,4,15,KEEP,200,89,1,2026-07-04,,
/life/health-medical/night-holiday-medical/,静岡県森町の夜間・休日の急患｜緊急度と時間帯で受診先を決める | 森町ライフハック,森町で夜間・休日に具合が悪くなったら、緊急度と時間帯で行き先を決める,夜間・休日に具合が悪くなったときの受診先を決める,森町 夜間 休日 救急,True,https://morimachi.enshu-lifehack.com/life/health-medical/night-holiday-medical/,41,17,KEEP,200,97,2,2026-07-04,167 / 168 / 169,森町 夜間診療 / 森町 休日診療 / 森町 救急相談
/life/health-medical/vaccinations/,静岡県森町の予防接種｜子ども・おとなの対象と受け方を選ぶ | 森町ライフハック,森町の予防接種は、子どもとおとなで受け方と助成が分かれる,自分・家族が受ける予防接種を選ぶ,森町 予防接種,True,https://morimachi.enshu-lifehack.com/life/health-medical/vaccinations/,7,18,KEEP,200,91,2,2026-07-04,,
/life/housing/,🏠 家・住まい（静岡県森町版） | 森町ライフハック,🏠 家・住まい（森町版）,住まい・空き家・不動産の情報を一覧で把握する,森町 住まい,True,https://morimachi.enshu-lifehack.com/life/housing/,25,17,KEEP,200,135,1,2026-07-04,,
/life/housing/build-house/,静岡県森町で家を建てる前に、耐震・補助金・結婚新生活支援を確認する。 | 森町ライフハック,森町で家を建てる前に、耐震・補助金・結婚新生活支援を確認する。,森町で家を建てる前に補助制度を確認する,森町 住宅 補助金,True,https://morimachi.enshu-lifehack.com/life/housing/build-house/,25,16,KEEP,200,118,2,2026-07-04,183,森町 住宅 補助金
/life/housing/buy-house/,静岡県森町で家を買う前に、固定資産税・空き家バンク・結婚新生活支援を確認する。 | 森町ライフハック,森町で家を買う前に、固定資産税・空き家バンク・結婚新生活支援を確認する。,森町で家を買う前に確認することを知る,森町 家 購入,True,https://morimachi.enshu-lifehack.com/life/housing/buy-house/,27,16,KEEP,200,124,3,2026-07-04,,
/life/housing/clean-parents-house/,静岡県森町で親の家を片付けるときは、ごみ分別・空き家対策・空き家バンクを確認する。 | 森町ライフハック,森町で親の家を片付けるときは、ごみ分別・空き家対策・空き家バンクを確認する。,親の家の片付けを進める,森町 実家 片付け,True,https://morimachi.enshu-lifehack.com/life/housing/clean-parents-house/,34,17,UPDATE,200,88,3,2026-07-04,11 / 12 / 15 / 19,森町 空き家 家財処分 / 森町 遺品整理 / 森町 空き家 仏壇 / 森町 空き家 片付け
/life/housing/earthquake-demolition/,静岡県森町の耐震・解体は、木造住宅の耐震診断・改修・解体助成を確認する。 | 森町ライフハック,森町の耐震・解体は、木造住宅の耐震診断・改修・解体助成を確認する。,耐震診断・改修・解体の助成を使う,森町 耐震 解体 補助,True,https://morimachi.enshu-lifehack.com/life/housing/earthquake-demolition/,30,17,UPDATE,200,89,2,2026-07-04,7 / 54,森町 空き家 解体 / 森町 住宅 解体
/life/housing/municipal-housing/,静岡県森町の町営住宅は、募集条件・収入・必要書類を先に確認する。 | 森町ライフハック,森町の町営住宅は、募集条件・収入・必要書類を先に確認する。,町営住宅の募集条件と申込みを確認する,森町 町営住宅,True,https://morimachi.enshu-lifehack.com/life/housing/municipal-housing/,25,16,KEEP,200,104,1,2026-07-04,,
/life/housing/property-tax/,静岡県森町の土地・家屋の税金は、固定資産税・都市計画税の課税内容と手続きを分けて確認する | 森町ライフハック,森町の土地・家屋の税金は、固定資産税・都市計画税の課税内容と手続きを分けて確認する,土地・家屋の固定資産税の中身を確認する,森町 固定資産税,True,https://morimachi.enshu-lifehack.com/life/housing/property-tax/,33,16,UPDATE,200,73,2,2026-07-04,51 / 121,森町 土地 固定資産税 / 森町 固定資産税
/life/housing/public-housing-consultation/,静岡県森町で住まいに困ったら、状況と緊急度を先に分ける | 森町ライフハック,森町で住まいに困ったら、状況と緊急度を先に分ける,住むところに困ったときの相談先を知る,森町 住まい 相談,True,https://morimachi.enshu-lifehack.com/life/housing/public-housing-consultation/,4,17,KEEP,200,111,6,,,
/life/housing/rent-house/,静岡県森町で賃貸を探すなら、空き家バンクと町営住宅の両方を確認する | 森町ライフハック,森町で賃貸を探すなら、空き家バンクと町営住宅の両方を確認する,森町で借りられる住まいを探す,森町 賃貸 町営住宅,True,https://morimachi.enshu-lifehack.com/life/housing/rent-house/,27,16,KEEP,200,105,2,2026-07-04,,
/life/housing/sell-house/,静岡県森町で家を売る前に、固定資産税・空き家バンクを確認する | 森町ライフハック,森町で家を売る前に、固定資産税・空き家バンクを確認する,森町で家を売る前に確認することを知る,森町 家 売却,True,https://morimachi.enshu-lifehack.com/life/housing/sell-house/,34,18,UPDATE,200,77,2,2026-07-04,3 / 4 / 18 / 40 / 48 / 50 / 53 / 55 / 56 / 57 / 60,森町 空き家 売却 / 森町 実家 売却 / 森町 空き家 査定 / 森町 相続した土地 売却 / 森町 土地 売却 / 森町 土地 境界 / 森町 山林 売却 / 森町 古家 売却 / 森町 中古住宅 売却 / 森町 家 査定 / 森町 土地 地番 調べ方
/life/housing/vacant-house/,静岡県森町の空き家バンク｜物件・補助金・相談先を確認 | 森町ライフハック,森町の空き家バンク｜物件・補助金・相談先を確認,空き家の制度（対策計画・バンク・税）を整理する,森町 空き家,True,https://morimachi.enshu-lifehack.com/life/housing/vacant-house/,42,23,UPDATE,200,80,3,2026-08-06,5 / 8 / 13 / 14 / 16,森町 空き家バンク / 森町 空き家 管理 / 森町 空き家 草刈り / 森町 空き家 火災 / 森町 空き家 放置
/life/living-soon/,🏡 これから暮らす | 静岡県森町ライフハック,🏡 これから暮らす,森町へ移り住む前に確認することを把握する,森町 移住,True,https://morimachi.enshu-lifehack.com/life/living-soon/,14,15,KEEP,200,106,1,2026-08-06,181,森町 移住
/life/living-soon/about-morimachi/,静岡県森町への移住｜補助金・仕事・住まい・子育て | 森町ライフハック,森町への移住｜補助金・仕事・住まい・子育て,森町での暮らしの実際を知る,森町 移住 補助金,True,https://morimachi.enshu-lifehack.com/life/living-soon/about-morimachi/,62,20,UPDATE,200,61,2,2026-08-06,182 / 197 / 200,森町 移住 補助金 / 森町 生活 基本情報 / 森町 子育て 環境
/life/living-soon/disaster-risk/,引っ越す前に、候補地が洪水・土砂災害に強い場所か確かめる。 | 静岡県森町ライフハック,引っ越す前に、候補地が洪水・土砂災害に強い場所か確かめる。,住む候補地の災害リスクを確かめる,森町 ハザードマップ 土地,True,https://morimachi.enshu-lifehack.com/life/living-soon/disaster-risk/,19,15,KEEP,200,126,2,2026-07-04,,
/life/living-soon/moving-decided/,引っ越しが決まったら、何をいつまでにやるかを順番に整理する。 | 静岡県森町ライフハック,引っ越しが決まったら、何をいつまでにやるかを順番に整理する。,引っ越しが決まってからの段取りを立てる,引っ越し やることリスト,True,https://morimachi.enshu-lifehack.com/life/living-soon/moving-decided/,14,15,UPDATE,200,115,2,2026-07-03,116,森町 引っ越し 手続き
/life/living-soon/want-to-live/,自然に囲まれた広い家で、子どもをのびのび育てられる暮らしを静岡県森町で考える。 | 森町ライフハック,自然に囲まれた広い家で、子どもをのびのび育てられる暮らしを森町で考える。,森町で広い家に住む選択肢を検討する,森町 田舎暮らし,True,https://morimachi.enshu-lifehack.com/life/living-soon/want-to-live/,14,14,KEEP,200,113,2,2026-07-03,,
/life/moving-out/,📦 新しい場所へ（転出時の手続きまとめ） | 静岡県森町ライフハック,📦 新しい場所へ（転出時の手続きまとめ）,森町から引っ越すときの手続きを一覧で把握する,森町 転出 手続き,True,https://morimachi.enshu-lifehack.com/life/moving-out/,14,13,KEEP,200,111,1,2026-07-04,,
/life/moving-out/bulk-garbage-cleaning/,転出前の片付けは、粗大ごみは中遠広域施設へ・家電は家電リサイクル法対応で | 静岡県森町ライフハック,転出前の片付けは、粗大ごみは中遠広域施設へ・家電は家電リサイクル法対応で,転出前の不用品・粗大ごみを処分する,森町 引っ越し ごみ 処分,True,https://morimachi.enshu-lifehack.com/life/moving-out/bulk-garbage-cleaning/,21,14,UPDATE,200,104,2,2026-07-04,99 / 100,森町 引越し ごみ / 森町 大量ごみ
/life/moving-out/dog-ownership-change/,犬の登録変更は、静岡県森町発行の愛犬カードと鑑札を持って転出先の役所へ | 森町ライフハック,犬の登録変更は、森町発行の愛犬カードと鑑札を持って転出先の役所へ,転出時の犬の登録変更をする,森町 犬 転出 登録変更,True,https://morimachi.enshu-lifehack.com/life/moving-out/dog-ownership-change/,16,13,UPDATE,200,95,2,2026-07-04,119,森町 犬 住所変更
/life/moving-out/move-out-notice/,転出届は引っ越し予定日の14日前から住民生活課住民係で | 静岡県森町ライフハック,転出届は引っ越し予定日の14日前から住民生活課住民係で,転出届をいつどこで出すか確認する,森町 転出届,True,https://morimachi.enshu-lifehack.com/life/moving-out/move-out-notice/,17,14,KEEP,200,91,1,2026-07-04,102,森町 転出届
/life/moving-out/moving-away/,静岡県森町から引っ越すときは、転出届と水道廃止・ごみ・学校の手続きを一緒に確認する | 森町ライフハック,森町から引っ越すときは、転出届と水道廃止・ごみ・学校の手続きを一緒に確認する,転出時に必要な手続きをまとめて片づける,森町 転出 やること,True,https://morimachi.enshu-lifehack.com/life/moving-out/moving-away/,21,14,KEEP,200,94,2,2026-07-04,,
/life/moving-out/school-nursery-procedures/,子どもの転出は、保育所は健康こども課、学校は在学校へそれぞれ確認する | 静岡県森町ライフハック,子どもの転出は、保育所は健康こども課、学校は在学校へそれぞれ確認する,子どもの転園・転校の手続きをする,森町 転校 手続き,True,https://morimachi.enshu-lifehack.com/life/moving-out/school-nursery-procedures/,18,14,UPDATE,200,110,1,2026-07-04,160,森町 子ども 引っ越し
/life/parents-care/,👵 親のこと | 静岡県森町ライフハック,👵 親のこと,親の介護に関する相談先と手続きを一覧で把握する,森町 介護,True,https://morimachi.enshu-lifehack.com/life/parents-care/,22,16,KEEP,200,91,2,2026-08-06,,
/life/parents-care/adult-guardianship/,親の判断能力が落ちても、静岡県森町独自の助成で財産と契約を守る備えをする | 森町ライフハック,親の判断能力が落ちても、森町独自の助成で財産と契約を守る備えをする,判断能力が落ちた親の財産と契約を守る,森町 成年後見,True,https://morimachi.enshu-lifehack.com/life/parents-care/adult-guardianship/,24,16,KEEP,200,106,2,2026-07-04,,
/life/parents-care/care-started/,親の介護が急に始まったら、静岡県森町ではまずケアプラン作成の依頼先を確認する | 森町ライフハック,親の介護が急に始まったら、森町ではまずケアプラン作成の依頼先を確認する,認定後にケアプランの作成を依頼する,森町 ケアプラン ケアマネ,True,https://morimachi.enshu-lifehack.com/life/parents-care/care-started/,23,16,UPDATE,200,84,2,2026-07-04,63,森町 ケアマネジャー
/life/parents-care/check-parents/,離れて暮らす親が心配なとき、静岡県森町の地域包括支援センター係にまず相談する | 森町ライフハック,離れて暮らす親が心配なとき、森町の地域包括支援センター係にまず相談する,離れて暮らす親の様子を見守る方法を知る,森町 高齢者 見守り,True,https://morimachi.enshu-lifehack.com/life/parents-care/check-parents/,23,16,UPDATE,200,110,2,2026-07-04,76 / 77,森町 親 一人暮らし / 森町 高齢者 見守り
/life/parents-care/community-support-center/,介護の悩みは、静岡県森町直営の地域包括支援センターにまず相談する | 森町ライフハック,介護の悩みは、森町直営の地域包括支援センターにまず相談する,介護の困りごとをまず相談する窓口を知る,森町 地域包括支援センター,True,https://morimachi.enshu-lifehack.com/life/parents-care/community-support-center/,58,16,KEEP,200,93,1,2026-07-03,64,森町 地域包括支援センター
/life/parents-care/dementia-consultation/,親が認知症かもしれないとき、静岡県森町の地域包括支援センター係への相談から始める | 森町ライフハック,親が認知症かもしれないとき、森町の地域包括支援センター係への相談から始める,認知症かもしれない親のことを相談する,森町 認知症 相談,True,https://morimachi.enshu-lifehack.com/life/parents-care/dementia-consultation/,21,16,UPDATE,200,100,2,2026-07-04,65 / 66,森町 親 認知症 相談 / 森町 認知症 介護
/life/parents-care/elderly-transportation/,通院・買い物の「足」に、静岡県森町の公共交通利用券助成事業を確認する | 森町ライフハック,通院・買い物の「足」に、森町の公共交通利用券助成事業を確認する,高齢の親の通院・買い物の移動手段を確保する,森町 公共交通利用券 高齢者,True,https://morimachi.enshu-lifehack.com/life/parents-care/elderly-transportation/,31,16,UPDATE,200,106,1,2026-07-04,,
/life/parents-care/find-nursing-home/,静岡県森町の介護施設探しは、介護サービス情報公表システムで種類から選ぶ | 森町ライフハック,森町の介護施設探しは、介護サービス情報公表システムで種類から選ぶ,親が入る介護施設を探す,森町 介護施設 探し方,True,https://morimachi.enshu-lifehack.com/life/parents-care/find-nursing-home/,24,16,UPDATE,200,107,2,2026-07-04,70 / 71 / 79,森町 介護施設 / 森町 老人ホーム / 森町 親 施設入所 実家
/life/parents-care/long-term-care-insurance/,静岡県森町の介護保険｜申請・保険料・施設の相談先 | 森町ライフハック,森町の介護保険｜申請・保険料・施設の相談先,親の介護が始まったときの流れ全体をつかむ,森町 介護 始まったら,True,https://morimachi.enshu-lifehack.com/life/parents-care/long-term-care-insurance/,57,22,UPDATE,200,60,2,2026-08-06,61 / 62 / 67 / 68 / 69 / 72 / 73 / 74 / 75 / 78 / 139,森町 介護保険 申請 / 森町 要介護認定 / 森町 デイサービス / 森町 訪問介護 / 森町 ショートステイ / 森町 介護 保険料 / 森町 介護 費用 / 森町 介護 住宅改修 / 森町 介護 福祉用具 / 森町 介護 離職 / 森町 介護保険料
/life/play-out/,🌳 遊ぶ・使う・出かける | 静岡県森町ライフハック,🌳 遊ぶ・使う・出かける,公園・図書館・公共施設の情報を一覧で把握する,森町 施設,True,https://morimachi.enshu-lifehack.com/life/play-out/,27,15,KEEP,200,99,2,2026-07-04,,
/life/play-out/cultural-facilities/,静岡県森町の文化施設（ミキホール）は、開館日・予約・アクセスを先に確認する | 森町ライフハック,森町の文化施設（ミキホール）は、開館日・予約・アクセスを先に確認する,文化施設（ミキホール）の利用方法を確認する,森町 ミキホール,True,https://morimachi.enshu-lifehack.com/life/play-out/cultural-facilities/,23,15,KEEP,200,112,3,2026-07-04,,
/life/play-out/facilities-library-parks/,静岡県森町の公共施設は、施設ガイドから目的別に探す | 森町ライフハック,森町の公共施設は、施設ガイドから目的別に探す,森町の公共施設を目的別に探す,森町 公共施設,True,https://morimachi.enshu-lifehack.com/life/play-out/facilities-library-parks/,21,15,UPDATE,200,112,2,2026-07-04,186 / 187,森町 公民館 / 森町 公共施設
/life/play-out/find-parks/,静岡県森町の公園は、駐車場・遊具の有無など目的・年齢・アクセスで選ぶ | 森町ライフハック,森町の公園は、駐車場・遊具の有無など目的・年齢・アクセスで選ぶ,目的に合う公園・遊び場を選ぶ,森町 公園,True,https://morimachi.enshu-lifehack.com/life/play-out/find-parks/,21,15,KEEP,200,92,2,2026-07-04,188,森町 公園
/life/play-out/parking-access/,静岡県森町内を移動する前に、駐車場・地図・公共交通を確認する | 森町ライフハック,森町内を移動する前に、駐車場・地図・公共交通を確認する,公共施設の駐車場とアクセスを確認する,森町 施設 駐車場,True,https://morimachi.enshu-lifehack.com/life/play-out/parking-access/,23,15,KEEP,200,96,2,2026-07-04,,
/life/play-out/rent-public-facilities/,静岡県森町の公共施設を借りる前に、窓口ごとの予約方法と利用条件を確認する | 森町ライフハック,森町の公共施設を借りる前に、窓口ごとの予約方法と利用条件を確認する,公共施設を借りる手続きをする,森町 施設 予約,True,https://morimachi.enshu-lifehack.com/life/play-out/rent-public-facilities/,22,15,KEEP,200,109,2,2026-07-04,,
/life/play-out/sports-facilities/,静岡県森町のスポーツ施設は、予約・料金・持ち物を先に確認する | 森町ライフハック,森町のスポーツ施設は、予約・料金・持ち物を先に確認する,スポーツ施設の予約・料金を確認する,森町 体育館 予約,True,https://morimachi.enshu-lifehack.com/life/play-out/sports-facilities/,21,15,KEEP,200,97,1,2026-07-03,,
/life/play-out/swimming-pools/,静岡県森町のプールは、営業日・料金・持ち物を先に確認する | 森町ライフハック,森町のプールは、営業日・料金・持ち物を先に確認する,プールの営業日・料金を確認する,森町 プール,True,https://morimachi.enshu-lifehack.com/life/play-out/swimming-pools/,4,15,KEEP,200,121,4,2026-07-04,,
/life/play-out/visit-library/,静岡県森町立図書館｜開館日・休館日・利用カードを確認 | 森町ライフハック,森町立図書館｜開館日・休館日・利用カードを確認,図書館の開館日と利用方法を確認する,森町立図書館,True,https://morimachi.enshu-lifehack.com/life/play-out/visit-library/,32,21,KEEP,200,99,2,2026-08-06,185,森町 図書館
/life/start-living/,🧭 静岡県森町で暮らし始めた | 森町ライフハック,🧭 森町で暮らし始めた,森町で暮らし始めたときの手続きを一覧で把握する,森町 転入 手続き,True,https://morimachi.enshu-lifehack.com/life/start-living/,29,15,KEEP,200,91,2,2026-08-06,,
/life/start-living/bulky-garbage-dropoff/,静岡県森町で粗大ごみを出す。持ち込み先は中遠広域粗大ごみ処理施設（磐田市）。 | 森町ライフハック,森町で粗大ごみを出す。持ち込み先は中遠広域粗大ごみ処理施設（磐田市）。,粗大ごみの持ち込み先と費用を知る,森町 粗大ごみ,True,https://morimachi.enshu-lifehack.com/life/start-living/bulky-garbage-dropoff/,34,14,UPDATE,200,82,2,2026-07-03,83 / 84,森町 粗大ごみ / 森町 ごみ 持ち込み
/life/start-living/certificates/,静岡県森町の証明書の選び方｜住民票・戸籍・印鑑証明の取り方 | 森町ライフハック,森町で必要な証明書を選び、最短で受け取る（住民票・戸籍・印鑑証明）,必要な証明書がどれか選び、最短で受け取る,森町 住民票 取り方,True,https://morimachi.enshu-lifehack.com/life/start-living/certificates/,35,18,UPDATE,200,90,3,2026-07-04,104 / 105 / 106 / 107 / 112 / 113 / 114 / 115,森町 住民票 / 森町 戸籍謄本 / 森町 印鑑証明 / 森町 印鑑登録 / 森町 戸籍 郵送 / 森町 住民票 郵送 / 森町 住民票 委任状 / 森町 印鑑証明 委任状
/life/start-living/city-hall-branches/,静岡県森町の役場窓口は本庁舎1か所。支所・出張所はなく、水曜は時間外窓口あり。 | 森町ライフハック,森町の役場窓口は本庁舎1か所。支所・出張所はなく、水曜は時間外窓口あり。,役場のどの窓口へ行けばよいか・開いている時間を知る,森町役場 窓口 時間,True,https://morimachi.enshu-lifehack.com/life/start-living/city-hall-branches/,34,14,KEEP,200,83,2,2026-07-03,,
/life/start-living/dog-registration/,静岡県森町で犬の登録と鑑札交付を済ませる。狂犬病予防注射とあわせて手続き。 | 森町ライフハック,森町で犬の登録と鑑札交付を済ませる。狂犬病予防注射とあわせて手続き。,犬の登録・鑑札交付と狂犬病予防注射を済ませる,森町 犬 登録,True,https://morimachi.enshu-lifehack.com/life/start-living/dog-registration/,34,15,UPDATE,200,79,2,2026-07-04,,
/life/start-living/how-to-garbage/,静岡県森町のごみ収集カレンダー2026｜分別・ごみの日・持ち込み | 森町ライフハック,森町のごみ収集カレンダー2026｜分別・ごみの日・持ち込み,ごみの分別と出し方を調べる,森町 ごみ カレンダー 2026,True,https://morimachi.enshu-lifehack.com/life/start-living/how-to-garbage/,85,25,UPDATE,200,58,3,2026-08-06,81 / 82 / 85 / 86 / 87 / 88 / 89 / 90 / 91 / 92 / 93 / 94 / 95 / 96 / 97 / 98,森町 ごみ 収集日 / 森町 ごみ 分別 / 森町 燃えるごみ / 森町 燃えないごみ / 森町 資源ごみ / 森町 古紙 回収 / 森町 家電 捨て方 / 森町 テレビ 処分 / 森町 冷蔵庫 処分 / 森町 洗濯機 処分 / 森町 エアコン 処分 / 森町 パソコン 処分 / 森町 布団 捨て方 / 森町 家具 捨て方 / 森町 枝 木 処分 / 森町 草 処分
/life/start-living/moved-in/,静岡県森町に引っ越してきたら、転入届→マイナンバー→水道→ごみ→犬の登録の順で片づける。 | 森町ライフハック,森町に引っ越してきたら、転入届→マイナンバー→水道→ごみ→犬の登録の順で片づける。,転入直後にやる手続きを順番に片づける,森町 転入届,True,https://morimachi.enshu-lifehack.com/life/start-living/moved-in/,27,16,UPDATE,200,88,3,2026-07-04,101 / 103 / 109,森町 転入届 / 森町 転居届 / 森町 住所変更
/life/start-living/mynumber/,静岡県森町でマイナンバーカードを申請から受け取りまで進める。窓口はタブレット申請にも対応。 | 森町ライフハック,森町でマイナンバーカードを申請から受け取りまで進める。窓口はタブレット申請にも対応。,マイナンバーカードを申請から受け取りまで進める,森町 マイナンバーカード 申請,True,https://morimachi.enshu-lifehack.com/life/start-living/mynumber/,48,14,UPDATE,200,88,3,2026-07-04,108,森町 マイナンバーカード
/life/start-living/pets-lost-animals/,静岡県森町で犬や猫がいなくなったら、住民生活課・保健所・警察の3か所へ連絡する。 | 森町ライフハック,森町で犬や猫がいなくなったら、住民生活課・保健所・警察の3か所へ連絡する。,いなくなった犬・猫を探す連絡先を知る,森町 迷い犬 迷い猫,True,https://morimachi.enshu-lifehack.com/life/start-living/pets-lost-animals/,10,14,KEEP,200,88,2,2026-07-04,,
/life/start-living/public-transit/,静岡県森町の公共交通。町営バス（岡幸線・吉川線）と天竜浜名湖鉄道・秋葉バスサービスを使い分ける。 | 森町ライフハック,森町の公共交通。町営バス（岡幸線・吉川線）と天竜浜名湖鉄道・秋葉バスサービスを使い分ける。,森町での移動手段（町営バス・鉄道）を調べる,森町 バス 時刻表,True,https://morimachi.enshu-lifehack.com/life/start-living/public-transit/,27,14,UPDATE,200,79,2,2026-07-04,198,森町 交通
/life/start-living/resident-registration/,静岡県森町で住民票を急ぎで手に入れる。コンビニ交付なら毎日6:30-23:00、200円。 | 森町ライフハック,森町で住民票を急ぎで手に入れる。コンビニ交付なら毎日6:30-23:00、200円。,住民票の写しを急ぎで手に入れる,森町 住民票 コンビニ,True,https://morimachi.enshu-lifehack.com/life/start-living/resident-registration/,12,14,UPDATE,200,84,3,2026-07-04,111,森町 住民票 コンビニ
/life/start-living/water-sewer/,静岡県森町の水道料金・下水道料金｜計算方法と問い合わせ先 | 森町ライフハック,森町の水道料金・下水道料金｜計算方法と問い合わせ先,水道・下水道料金の仕組みと金額を知る,森町 水道料金,True,https://morimachi.enshu-lifehack.com/life/start-living/water-sewer/,62,20,KEEP,200,86,2,2026-08-06,,
/life/start-living/water-start-stop-fees/,静岡県森町で水道の使用開始・中止を届け出る。期限は閉開栓日の前日まで（土日祝除く）。 | 森町ライフハック,森町で水道の使用開始・中止を届け出る。期限は閉開栓日の前日まで（土日祝除く）。,水道の使用開始・中止を届け出る,森町 水道 開栓 中止,True,https://morimachi.enshu-lifehack.com/life/start-living/water-start-stop-fees/,26,15,UPDATE,200,88,1,2026-07-04,117 / 118,森町 水道 開始 / 森町 水道 停止
/life/troubles-consult/,🧩 困った・相談したい（静岡県森町の相談窓口まとめ） | 森町ライフハック,🧩 困った・相談したい（森町の相談窓口まとめ）,困りごとの相談窓口を一覧で把握する,森町 相談窓口,True,https://morimachi.enshu-lifehack.com/life/troubles-consult/,32,17,KEEP,200,131,2,2026-07-04,,
/life/troubles-consult/animal-pet-consultation/,動物・ペットの困りごとは、静岡県森町役場「生活環境係」へ相談する。 | 森町ライフハック,動物・ペットの困りごとは、森町役場「生活環境係」へ相談する。,動物・ペットの困りごとを相談する,森町 動物 苦情 相談,True,https://morimachi.enshu-lifehack.com/life/troubles-consult/animal-pet-consultation/,30,15,KEEP,200,124,2,2026-07-03,,
/life/troubles-consult/cannot-pay-tax/,静岡県森町で税金が払えないとき｜差押えの前に納税相談をする | 森町ライフハック,森町で町税・国保税が払えないときは、差押えの前に税務課へ相談する,税金・保険税が払えないときに差押えの前に相談する,森町 税金 払えない,True,https://morimachi.enshu-lifehack.com/life/troubles-consult/cannot-pay-tax/,41,18,KEEP,200,104,2,2026-07-03,127,森町 税金 払えない
/life/troubles-consult/child-consultation/,子どものことで不安なときは、静岡県森町「こども家庭センター」へ相談する。 | 森町ライフハック,子どものことで不安なときは、森町「こども家庭センター」へ相談する。,子どものことの不安を相談する,森町 こども家庭センター,True,https://morimachi.enshu-lifehack.com/life/troubles-consult/child-consultation/,33,16,KEEP,200,107,2,2026-07-03,,
/life/troubles-consult/consumer-fraud/,だまされたかも、契約してしまった。静岡県森町「町民生活センター」の消費生活相談へ早めに相談する。 | 森町ライフハック,だまされたかも、契約してしまった。森町「町民生活センター」の消費生活相談へ早めに相談する。,詐欺・悪質商法の被害を相談する,森町 消費生活相談,True,https://morimachi.enshu-lifehack.com/life/troubles-consult/consumer-fraud/,33,16,UPDATE,200,113,2,2026-07-03,174 / 175,森町 消費者相談 / 森町 詐欺 相談
/life/troubles-consult/farmland/,相続した田んぼ・畑をどうすればいいか分からないときは、静岡県森町「農林政策課 農地管理係」（農業委員会）に相談から始める。,相続した田んぼ・畑をどうすればいいか分からないときは、森町「農林政策課 農地管理係」（農業委員会）に相談から始める。,相続した農地の扱いを整理する,森町 農地 相続,True,https://morimachi.enshu-lifehack.com/life/troubles-consult/farmland/,23,19,KEEP,200,125,2,2026-07-04,,
/life/troubles-consult/farmland/certificates/,農地の証明（耕作証明・非農地証明等）は、静岡県森町「農林政策課 農地管理係」（農業委員会事務局）へ確認する。,農地の証明（耕作証明・非農地証明等）は、森町「農林政策課 農地管理係」（農業委員会事務局）へ確認する。,耕作証明・非農地証明を取得する,耕作証明書 非農地証明,True,https://morimachi.enshu-lifehack.com/life/troubles-consult/farmland/certificates/,33,17,KEEP,200,122,2,2026-07-04,,
/life/troubles-consult/farmland/conversion/,農地を宅地・駐車場にするとき（農地法4条・5条）は、静岡県森町「農林政策課 農地管理係」（農業委員会）へ事前相談する。,農地を宅地・駐車場にするとき（農地法4条・5条）は、森町「農林政策課 農地管理係」（農業委員会）へ事前相談する。,農地を宅地・駐車場にする（農地法4条・5条）,農地転用 4条 5条,True,https://morimachi.enshu-lifehack.com/life/troubles-consult/farmland/conversion/,33,16,KEEP,200,120,2,2026-07-03,43,森町 農地転用
/life/troubles-consult/farmland/inheritance/,農地を相続したら、静岡県森町「農林政策課 農地管理係」（農業委員会）への届出から整理する。 | 森町ライフハック,農地を相続したら、森町「農林政策課 農地管理係」（農業委員会）への届出から整理する。,農地を相続したときの届出をする,農地 相続 届出,True,https://morimachi.enshu-lifehack.com/life/troubles-consult/farmland/inheritance/,11,19,UPDATE,200,104,2,2026-07-04,38 / 41,森町 相続 農地 / 森町 農地 相続
/life/troubles-consult/farmland/noshin-exclusion/,農振・農用地区域からの除外は、まず静岡県森町「農林政策課 農地管理係」へ土地の場所と目的を確認する。,農振・農用地区域からの除外は、まず森町「農林政策課 農地管理係」へ土地の場所と目的を確認する。,農振農用地区域からの除外を相談する,農振除外 森町,True,https://morimachi.enshu-lifehack.com/life/troubles-consult/farmland/noshin-exclusion/,4,17,KEEP,200,106,1,2026-08-05,,
/life/troubles-consult/farmland/sell-or-rent/,使っていない農地を売りたい・貸したいときは、静岡県森町「農林政策課 農地管理係」（農業委員会）へ相談する。,使っていない農地を売りたい・貸したいときは、森町「農林政策課 農地管理係」（農業委員会）へ相談する。,使っていない農地を売る・貸す,農地 売りたい 貸したい,True,https://morimachi.enshu-lifehack.com/life/troubles-consult/farmland/sell-or-rent/,19,18,UPDATE,200,93,2,2026-07-03,42 / 44 / 45,森町 農地 売却 / 森町 農地 貸す / 森町 農地 空き地
/life/troubles-consult/foreign-resident-consultation/,外国人住民の手続きは、静岡県森町「住民生活課 住民係」で住民登録と相談先を分けて確認する。 | 森町ライフハック,外国人住民の手続きは、森町「住民生活課 住民係」で住民登録と相談先を分けて確認する。,外国人住民の手続きと相談先を知る,森町 外国人 相談,True,https://morimachi.enshu-lifehack.com/life/troubles-consult/foreign-resident-consultation/,6,16,KEEP,200,109,2,2026-07-03,,
/life/troubles-consult/legal-general-consultation/,誰に相談すればいいか分からない悩みは、静岡県森町「暮らしの相談窓口」（無料法律相談等）へつなぐ。 | 森町ライフハック,誰に相談すればいいか分からない悩みは、森町「暮らしの相談窓口」（無料法律相談等）へつなぐ。,無料法律相談など専門相談につなぐ,森町 無料法律相談,True,https://morimachi.enshu-lifehack.com/life/troubles-consult/legal-general-consultation/,7,17,KEEP,200,100,2,2026-07-04,176,森町 法律相談
/life/troubles-consult/living-costs-trouble/,生活費が足りないとき、静岡県森町にはひとりで抱えず相談できる窓口がある | 森町ライフハック,生活費が足りないとき、森町にはひとりで抱えず相談できる窓口がある,生活費が足りないときの支援を受ける,森町 生活困窮 相談,True,https://morimachi.enshu-lifehack.com/life/troubles-consult/living-costs-trouble/,6,14,UPDATE,200,108,3,2026-07-04,177 / 178,森町 生活困窮 相談 / 森町 生活保護
/life/troubles-consult/road-repair-mirror/,道路の穴・カーブミラーの不具合は、静岡県森町「建設課 管理係」へ通報する。 | 森町ライフハック,道路の穴・カーブミラーの不具合は、森町「建設課 管理係」へ通報する。,道路の穴・カーブミラーの不具合を通報する,森町 道路 通報,True,https://morimachi.enshu-lifehack.com/life/troubles-consult/road-repair-mirror/,4,16,KEEP,200,110,5,,,
/life/work-life/,💴 働く・暮らす（静岡県森町版） | 森町ライフハック,💴 働く・暮らす（森町版）,税金・保険・仕事に関する手続きを一覧で把握する,森町 税金 手続き,True,https://morimachi.enshu-lifehack.com/life/work-life/,28,17,KEEP,200,72,1,2026-07-04,,
/life/work-life/city-tax-payment/,静岡県森町の町税の納付方法は、口座振替・コンビニ・スマホ決済から選べる | 森町ライフハック,森町の町税の納付方法は、口座振替・コンビニ・スマホ決済から選べる,町税の納付方法を選ぶ,森町 町税 納付,True,https://morimachi.enshu-lifehack.com/life/work-life/city-tax-payment/,36,17,UPDATE,200,83,1,2026-07-04,128 / 129 / 130,森町 税金 納付方法 / 森町 税金 コンビニ / 森町 税金 口座振替
/life/work-life/job-change/,静岡県森町の就職・転職は、求人検索はハローワーク磐田、支援情報は町の就職支援ページを確認する | 森町ライフハック,森町の就職・転職は、求人検索はハローワーク磐田、支援情報は町の就職支援ページを確認する,森町で仕事を探す入口を知る,森町 求人,True,https://morimachi.enshu-lifehack.com/life/work-life/job-change/,34,17,KEEP,200,80,1,2026-07-03,,
/life/work-life/job-recruitment/,静岡県森町職員採用情報は、パブリックコネクト森町ページで募集要項を確認する | 森町ライフハック,森町職員採用情報は、パブリックコネクト森町ページで募集要項を確認する,森町職員の採用情報を確認する,森町 職員採用,True,https://morimachi.enshu-lifehack.com/life/work-life/job-recruitment/,30,15,KEEP,200,72,2,2026-07-04,,
/life/work-life/light-vehicle-tax/,静岡県森町の軽自動車税は、排気量・車種ごとの税額を町民税係で確認する | 森町ライフハック,森町の軽自動車税は、排気量・車種ごとの税額を町民税係で確認する,軽自動車税の税額と手続きを確認する,森町 軽自動車税,True,https://morimachi.enshu-lifehack.com/life/work-life/light-vehicle-tax/,30,17,UPDATE,200,88,2,2026-07-04,120 / 124,森町 原付 住所変更 / 森町 軽自動車税
/life/work-life/national-health-insurance-tax/,静岡県森町の国民健康保険税は、税務課町民税係で税率・減免を確認する | 森町ライフハック,森町の国民健康保険税は、税務課町民税係で税率・減免を確認する,国民健康保険税の税率・減免を確認する,森町 国民健康保険税,True,https://morimachi.enshu-lifehack.com/life/work-life/national-health-insurance-tax/,37,16,UPDATE,200,85,2,2026-07-03,125,森町 国民健康保険
/life/work-life/nhk-pension/,静岡県森町の国民健康保険・国民年金は、住民生活課国保年金係で手続きする | 森町ライフハック,森町の国民健康保険・国民年金は、住民生活課国保年金係で手続きする,国民健康保険・国民年金の加入と喪失を手続きする,森町 国民年金 手続き,True,https://morimachi.enshu-lifehack.com/life/work-life/nhk-pension/,36,16,UPDATE,200,86,1,2026-07-03,126 / 135 / 136 / 137 / 138,森町 国民年金 / 森町 国保 加入 / 森町 国保 脱退 / 森町 退職 国保 / 森町 退職 年金
/life/work-life/resident-tax/,静岡県森町の住民税（町・県民税）は、納付方法と電子申告を税務課で確認する | 森町ライフハック,森町の住民税（町・県民税）は、納付方法と電子申告を税務課で確認する,住民税の納付方法と申告を確認する,森町 住民税,True,https://morimachi.enshu-lifehack.com/life/work-life/resident-tax/,25,17,UPDATE,200,81,2,2026-07-04,122 / 123,森町 住民税 / 森町 町民税
/life/work-life/start-business/,静岡県森町の起業・創業は、産業課と森町企業立地・雇用促進特設サイトで相談する | 森町ライフハック,森町の起業・創業は、産業課と森町企業立地・雇用促進特設サイトで相談する,森町で起業・創業する相談先を知る,森町 創業支援,True,https://morimachi.enshu-lifehack.com/life/work-life/start-business/,10,16,KEEP,200,100,1,2026-07-03,,
/life/work-life/start-farming/,静岡県森町の就農準備は、産業課農政係で農地情報・空き家付き農地制度を確認する | 森町ライフハック,森町の就農準備は、産業課農政係で農地情報・空き家付き農地制度を確認する,森町で就農する準備を進める,森町 就農,True,https://morimachi.enshu-lifehack.com/life/work-life/start-farming/,4,16,KEEP,200,75,2,2026-08-05,,
/life/work-life/subsidies/,静岡県森町の補助金｜住宅・子育て・移住の制度を探す | 森町ライフハック,森町の補助金｜住宅・子育て・移住の制度を探す,森町の補助金にどんなものがあるか調べる,森町 補助金,True,https://morimachi.enshu-lifehack.com/life/work-life/subsidies/,76,23,UPDATE,200,81,1,2026-08-06,184,森町 子育て 補助金
/life/work-life/tax-certificates/,静岡県森町の税務証明書（所得・課税・納税証明書等）は、窓口・郵送・委任状で申請できる | 森町ライフハック,森町の税務証明書（所得・課税・納税証明書等）は、窓口・郵送・委任状で申請できる,所得・課税・納税証明書を取得する,森町 所得証明書,True,https://morimachi.enshu-lifehack.com/life/work-life/tax-certificates/,13,16,UPDATE,200,82,2,2026-07-04,131 / 132 / 133 / 134,森町 固定資産評価証明 / 森町 所得証明 / 森町 課税証明 / 森町 非課税証明
/life/work-life/tax/,静岡県森町の税金手続きは、税目ごとに税務課の各係で確認する | 森町ライフハック,森町の税金手続きは、税目ごとに税務課の各係で確認する,どの税金の話か整理して担当係にたどりつく,森町 税金,True,https://morimachi.enshu-lifehack.com/life/work-life/tax/,9,19,KEEP,200,81,1,2026-07-03,,
