number,priority,group,target_query,intent_phrase,proposed_url,action,final_url,matched_url,matched_title,matched_kind,match_score,score_margin,confidence,decision_reason,second_url,second_score
1,P0,空き家・実家じまい,森町 空き家 相続,空き家 相続,/akiya/guide-01/,MERGE,/life/end-of-life/inherited-house/,/life/end-of-life/inherited-house/,静岡県森町の親の家をどうするか｜使う・貸す・売る・解体の決め方 | 森町ライフハック,life,134.75,0.0,high,既存URLの主要意図・本文を手動確認し「空き家」へ統合,/life/housing/vacant-house/,134.75
2,P0,空き家・実家じまい,森町 実家 相続,実家 相続,/akiya/guide-02/,MERGE,/life/end-of-life/inherited-house/,/life/end-of-life/inherited-house/,静岡県森町の親の家をどうするか｜使う・貸す・売る・解体の決め方 | 森町ライフハック,life,122.67,0.0,high,既存URLの主要意図・本文を手動確認し「実家」へ統合,/life/end-of-life/inheritance/,122.67
3,P0,空き家・実家じまい,森町 空き家 売却,空き家 売却,/akiya/guide-03/,UPDATE,/life/housing/sell-house/,/life/housing/sell-house/,静岡県森町で家を売る前に、固定資産税・空き家バンクを確認する | 森町ライフハック,life,276.0,141.25,high,既存URLの主要意図・本文を手動確認し「空き家売却」へ統合。不足: description(77字),/life/end-of-life/inherited-house/,134.75
4,P0,空き家・実家じまい,森町 実家 売却,実家 売却,/akiya/guide-04/,MERGE,/life/housing/sell-house/,/life/housing/sell-house/,静岡県森町で家を売る前に、固定資産税・空き家バンクを確認する | 森町ライフハック,life,151.89,8.0,high,既存URLの主要意図・本文を手動確認し「森町 家 売却」へ統合。不足: description(77字),/questions/housing-sell-house/,143.89
5,P0,空き家・実家じまい,森町 空き家バンク,空き家バンク,/akiya/guide-05/,MERGE,/life/housing/vacant-house/,/life/housing/vacant-house/,静岡県森町の空き家バンク｜物件・補助金・相談先を確認 | 森町ライフハック,life,150.73,8.0,high,既存URLの主要意図・本文を手動確認し「空き家バンクを使いたい」へ統合。不足: description(80字),/questions/housing-vacant-house/,142.73
6,P0,空き家・実家じまい,森町 空き家 補助金,空き家 補助金,/akiya/guide-06/,MERGE,/life/end-of-life/inherited-house/,/life/end-of-life/inherited-house/,静岡県森町の親の家をどうするか｜使う・貸す・売る・解体の決め方 | 森町ライフハック,life,122.67,0.0,high,既存URLの主要意図・本文を手動確認し「空き家」へ統合,/life/housing/vacant-house/,122.67
7,P0,空き家・実家じまい,森町 空き家 解体,空き家 解体,/akiya/guide-07/,MERGE,/life/housing/earthquake-demolition/,/life/housing/earthquake-demolition/,静岡県森町の耐震・解体は、木造住宅の耐震診断・改修・解体助成を確認する。 | 森町ライフハック,life,109.93,0.0,high,既存URLの主要意図・本文を手動確認し「解体」へ統合。不足: description(89字),/life/housing/vacant-house/,134.75
8,P0,空き家・実家じまい,森町 空き家 管理,空き家 管理,/akiya/guide-08/,MERGE,/life/housing/vacant-house/,/life/housing/vacant-house/,静岡県森町の空き家バンク｜物件・補助金・相談先を確認 | 森町ライフハック,life,134.75,0.0,high,既存URLの主要意図・本文を手動確認し「森町 空き家」へ統合。不足: description(80字),/life/housing/vacant-house/,134.75
9,P0,空き家・実家じまい,森町 空き家 固定資産税,空き家 固定資産税,/akiya/guide-09/,MERGE,/life/end-of-life/property-tax-inheritance/,/life/end-of-life/property-tax-inheritance/,固定資産税の相続は、静岡県森町税務課への相続人代表者指定届を先に確認する | 森町ライフハック,life,85.17,8.0,high,既存URLの主要意図・本文を手動確認し「固定資産税相続」へ統合,/questions/housing-property-tax/,129.68
10,P0,空き家・実家じまい,森町 実家じまい,実家じまい,/akiya/guide-10/,CREATE,/life/housing/close-parents-house/,/temple/guide/,法要・帰省・実家じまいのガイド | 静岡県森町ライフハック,page,88.73,1.3,high,既存129ページと質問ページに同一の主要検索意図がないため、既存URL体系内に新設,/life/end-of-life/inherited-house/,87.43
11,P0,空き家・実家じまい,森町 空き家 家財処分,空き家 家財処分,/akiya/guide-11/,MERGE,/life/housing/clean-parents-house/,/life/housing/clean-parents-house/,静岡県森町で親の家を片付けるときは、ごみ分別・空き家対策・空き家バンクを確認する。 | 森町ライフハック,life,59.78,0.0,high,既存URLの主要意図・本文を手動確認し「森町で親の家を片付けるときは、ごみ分別・空き家対策・空き家バンクを確認する。」へ統合。不足: description(88字),/life/housing/vacant-house/,113.64
12,P0,空き家・実家じまい,森町 遺品整理,遺品整理,/akiya/guide-12/,UPDATE,/life/housing/clean-parents-house/,/life/housing/clean-parents-house/,静岡県森町で親の家を片付けるときは、ごみ分別・空き家対策・空き家バンクを確認する。 | 森町ライフハック,life,276.0,182.44,high,既存URLの主要意図・本文を手動確認し「遺品整理」へ統合。不足: description(88字),/questions/housing-clean-parents-house/,93.56
13,P0,空き家・実家じまい,森町 空き家 草刈り,空き家 草刈り,/akiya/guide-13/,MERGE,/life/housing/vacant-house/,/life/housing/vacant-house/,静岡県森町の空き家バンク｜物件・補助金・相談先を確認 | 森町ライフハック,life,122.67,0.0,high,既存URLの主要意図・本文を手動確認し「森町 空き家」へ統合。不足: description(80字),/life/housing/vacant-house/,122.67
14,P0,空き家・実家じまい,森町 空き家 火災,空き家 火災,/akiya/guide-14/,MERGE,/life/housing/vacant-house/,/life/housing/vacant-house/,静岡県森町の空き家バンク｜物件・補助金・相談先を確認 | 森町ライフハック,life,134.75,0.0,high,既存URLの主要意図・本文を手動確認し「森町 空き家」へ統合。不足: description(80字),/life/housing/vacant-house/,134.75
15,P0,空き家・実家じまい,森町 空き家 仏壇,空き家 仏壇,/akiya/guide-15/,MERGE,/life/housing/clean-parents-house/,/life/housing/clean-parents-house/,静岡県森町で親の家を片付けるときは、ごみ分別・空き家対策・空き家バンクを確認する。 | 森町ライフハック,life,57.42,0.0,high,既存URLの主要意図・本文を手動確認し「森町で親の家を片付けるときは、ごみ分別・空き家対策・空き家バンクを確認する。」へ統合。不足: description(88字),/life/housing/vacant-house/,134.75
16,P0,空き家・実家じまい,森町 空き家 放置,空き家 放置,/akiya/guide-16/,MERGE,/life/housing/vacant-house/,/life/housing/vacant-house/,静岡県森町の空き家バンク｜物件・補助金・相談先を確認 | 森町ライフハック,life,134.75,0.0,high,既存URLの主要意図・本文を手動確認し「森町 空き家」へ統合。不足: description(80字),/life/housing/vacant-house/,134.75
17,P0,空き家・実家じまい,森町 空き家 名義変更,空き家 名義変更,/akiya/guide-17/,MERGE,/life/end-of-life/inheritance/,/life/end-of-life/inheritance/,相続は、静岡県森町の固定資産税・戸籍手続きと家族で決めることを分けて進める | 森町ライフハック,life,29.24,0.0,high,既存URLの主要意図・本文を手動確認し「相続は、森町の固定資産税・戸籍手続きと家族で決めることを分けて進める」へ統合,/life/housing/vacant-house/,113.64
18,P0,空き家・実家じまい,森町 空き家 査定,空き家 査定,/akiya/guide-18/,MERGE,/life/housing/sell-house/,/life/housing/sell-house/,静岡県森町で家を売る前に、固定資産税・空き家バンクを確認する | 森町ライフハック,life,81.5,0.0,high,既存URLの主要意図・本文を手動確認し「空き家売却」へ統合。不足: description(77字),/life/housing/vacant-house/,134.75
19,P0,空き家・実家じまい,森町 空き家 片付け,空き家 片付け,/akiya/guide-19/,MERGE,/life/housing/clean-parents-house/,/life/housing/clean-parents-house/,静岡県森町で親の家を片付けるときは、ごみ分別・空き家対策・空き家バンクを確認する。 | 森町ライフハック,life,88.5,0.0,high,既存URLの主要意図・本文を手動確認し「森町 実家 片付け」へ統合。不足: description(88字),/life/housing/vacant-house/,122.67
20,P0,空き家・実家じまい,森町 親の家 どうする,親の家 どうする,/akiya/guide-20/,MERGE,/life/end-of-life/inherited-house/,/life/end-of-life/inherited-house/,静岡県森町の親の家をどうするか｜使う・貸す・売る・解体の決め方 | 森町ライフハック,life,131.36,20.24,high,既存URLの主要意図・本文を手動確認し「どうする」へ統合,/questions/end-of-life-inherited-house/,111.12
21,P0,相続・おくやみ,森町 相続登記,相続登記,/souzoku/guide-01/,MERGE,/life/end-of-life/inheritance/,/life/end-of-life/inheritance/,相続は、静岡県森町の固定資産税・戸籍手続きと家族で決めることを分けて進める | 森町ライフハック,life,138.18,8.0,high,既存URLの主要意図・本文を手動確認し「相続登記はいつまで」へ統合,/questions/end-of-life-inheritance/,130.18
22,P0,相続・おくやみ,森町 土地 相続,土地 相続,/souzoku/guide-02/,MERGE,/life/end-of-life/inheritance/,/life/end-of-life/inheritance/,相続は、静岡県森町の固定資産税・戸籍手続きと家族で決めることを分けて進める | 森町ライフハック,life,122.67,0.0,high,既存URLの主要意図・本文を手動確認し「森町 相続 手続き」へ統合,/life/end-of-life/inheritance/,122.67
23,P0,相続・おくやみ,森町 家 相続,家 相続,/souzoku/guide-03/,MERGE,/life/end-of-life/inherited-house/,/life/end-of-life/inherited-house/,静岡県森町の親の家をどうするか｜使う・貸す・売る・解体の決め方 | 森町ライフハック,life,123.5,0.0,high,既存URLの主要意図・本文を手動確認し「親の家 相続 どうする」へ統合,/life/end-of-life/inheritance/,142.5
24,P0,相続・おくやみ,森町 相続 手続き,相続 手続き,/souzoku/guide-04/,KEEP,/life/end-of-life/inheritance/,/life/end-of-life/inheritance/,相続は、静岡県森町の固定資産税・戸籍手続きと家族で決めることを分けて進める | 森町ライフハック,life,276.0,0.0,high,既存URLの主要意図・本文を手動確認し「森町 相続 手続き」へ統合,/life/end-of-life/inheritance/,276.0
25,P0,相続・おくやみ,森町 相続 必要書類,相続 必要書類,/souzoku/guide-05/,MERGE,/life/end-of-life/inheritance/,/life/end-of-life/inheritance/,相続は、静岡県森町の固定資産税・戸籍手続きと家族で決めることを分けて進める | 森町ライフハック,life,101.0,0.0,high,既存URLの主要意図・本文を手動確認し「森町 相続 手続き」へ統合,/life/end-of-life/inheritance/,101.0
26,P0,相続・おくやみ,森町 相続 固定資産税,相続 固定資産税,/souzoku/guide-06/,MERGE,/life/end-of-life/property-tax-inheritance/,/life/end-of-life/property-tax-inheritance/,固定資産税の相続は、静岡県森町税務課への相続人代表者指定届を先に確認する | 森町ライフハック,life,110.29,8.0,high,既存URLの主要意図・本文を手動確認し「固定資産税相続」へ統合,/questions/housing-property-tax/,139.9
27,P0,相続・おくやみ,森町 相続人 調べ方,相続人 調べ方,/souzoku/guide-07/,MERGE,/life/end-of-life/inheritance/,/life/end-of-life/inheritance/,相続は、静岡県森町の固定資産税・戸籍手続きと家族で決めることを分けて進める | 森町ライフハック,life,78.5,0.0,high,既存URLの主要意図・本文を手動確認し「森町 相続 手続き」へ統合,/life/end-of-life/inheritance/,78.5
28,P0,相続・おくやみ,森町 遺産分割協議,遺産分割協議,/souzoku/guide-08/,MERGE,/life/end-of-life/inheritance/,/life/end-of-life/inheritance/,相続は、静岡県森町の固定資産税・戸籍手続きと家族で決めることを分けて進める | 森町ライフハック,life,32.67,1.53,high,既存URLの主要意図・本文を手動確認し「相続は、森町の固定資産税・戸籍手続きと家族で決めることを分けて進める」へ統合,/life/housing/,38.22
29,P0,相続・おくやみ,森町 相続 放棄,相続 放棄,/souzoku/guide-09/,MERGE,/life/end-of-life/inheritance/,/life/end-of-life/inheritance/,相続は、静岡県森町の固定資産税・戸籍手続きと家族で決めることを分けて進める | 森町ライフハック,life,122.67,0.0,high,既存URLの主要意図・本文を手動確認し「森町 相続 手続き」へ統合,/life/end-of-life/inheritance/,122.67
30,P0,相続・おくやみ,森町 相続 戸籍,相続 戸籍,/souzoku/guide-10/,MERGE,/life/end-of-life/inheritance/,/life/end-of-life/inheritance/,相続は、静岡県森町の固定資産税・戸籍手続きと家族で決めることを分けて進める | 森町ライフハック,life,122.67,0.0,high,既存URLの主要意図・本文を手動確認し「森町 相続 手続き」へ統合,/life/end-of-life/inheritance/,122.67
31,P0,相続・おくやみ,森町 家族 死亡 手続き,家族 死亡 手続き,/souzoku/guide-11/,MERGE,/life/end-of-life/bereavement/,/life/end-of-life/bereavement/,静岡県森町で家族が亡くなったら｜期限順にやることを整理する | 森町ライフハック,life,79.93,42.74,high,既存URLの主要意図・本文を手動確認し「死亡届」へ統合,/life/end-of-life/bereavement/,79.93
32,P0,相続・おくやみ,森町 死亡届,死亡届,/souzoku/guide-12/,KEEP,/life/end-of-life/bereavement/,/life/end-of-life/bereavement/,静岡県森町で家族が亡くなったら｜期限順にやることを整理する | 森町ライフハック,life,276.0,147.86,high,既存URLの主要意図・本文を手動確認し「死亡届」へ統合,/questions/end-of-life-bereavement/,128.14
33,P0,相続・おくやみ,森町 おくやみ 手続き,おくやみ 手続き,/souzoku/guide-13/,KEEP,/life/end-of-life/bereavement/,/life/end-of-life/bereavement/,静岡県森町で家族が亡くなったら｜期限順にやることを整理する | 森町ライフハック,life,276.0,0.0,high,既存URLの主要意図・本文を手動確認し「おくやみ」へ統合,/life/end-of-life/bereavement/,276.0
34,P0,相続・おくやみ,森町 世帯主 死亡,世帯主 死亡,/souzoku/guide-14/,MERGE,/life/end-of-life/bereavement/,/life/end-of-life/bereavement/,静岡県森町で家族が亡くなったら｜期限順にやることを整理する | 森町ライフハック,life,76.0,33.93,high,既存URLの主要意図・本文を手動確認し「死亡届」へ統合,/life/end-of-life/bereavement/,76.0
35,P0,相続・おくやみ,森町 死亡後 名義変更,死亡後 名義変更,/souzoku/guide-15/,MERGE,/life/end-of-life/inheritance/,/life/end-of-life/inheritance/,相続は、静岡県森町の固定資産税・戸籍手続きと家族で決めることを分けて進める | 森町ライフハック,life,26.0,41.77,high,既存URLの主要意図・本文を手動確認し「」へ統合,/life/end-of-life/,71.87
36,P0,相続・おくやみ,森町 相続空き家 3000万円控除,相続空き家 3000万円控除,/souzoku/guide-16/,MERGE,/life/end-of-life/inherited-house/,/life/end-of-life/inherited-house/,静岡県森町の親の家をどうするか｜使う・貸す・売る・解体の決め方 | 森町ライフハック,life,107.9,41.66,high,既存URLの主要意図・本文を手動確認し「相続空き家」へ統合,/life/end-of-life/,66.24
37,P0,相続・おくやみ,森町 被相続人居住用家屋等確認書,被相続人居住用家屋等確認書,/souzoku/guide-17/,MERGE,/life/end-of-life/inherited-house/,/life/end-of-life/inherited-house/,静岡県森町の親の家をどうするか｜使う・貸す・売る・解体の決め方 | 森町ライフハック,life,44.33,0.0,high,既存URLの主要意図・本文を手動確認し「相続空き家」へ統合,/life/end-of-life/inheritance/,52.21
38,P0,相続・おくやみ,森町 相続 農地,相続 農地,/souzoku/guide-18/,MERGE,/life/troubles-consult/farmland/inheritance/,/life/troubles-consult/farmland/inheritance/,農地を相続したら、静岡県森町「農林政策課 農地管理係」（農業委員会）への届出から整理する。 | 森町ライフハック,life,68.5,0.0,high,既存URLの主要意図・本文を手動確認し「農地相続」へ統合,/life/end-of-life/inheritance/,122.67
39,P0,相続・おくやみ,森町 相続 山林,相続 山林,/souzoku/guide-19/,MERGE,/life/end-of-life/inheritance/,/life/end-of-life/inheritance/,相続は、静岡県森町の固定資産税・戸籍手続きと家族で決めることを分けて進める | 森町ライフハック,life,122.67,0.0,high,既存URLの主要意図・本文を手動確認し「森町 相続 手続き」へ統合,/life/end-of-life/inheritance/,122.67
40,P0,相続・おくやみ,森町 相続した土地 売却,相続した土地 売却,/souzoku/guide-20/,MERGE,/life/housing/sell-house/,/life/housing/sell-house/,静岡県森町で家を売る前に、固定資産税・空き家バンクを確認する | 森町ライフハック,life,122.67,55.92,high,既存URLの主要意図・本文を手動確認し「土地売却」へ統合。不足: description(77字),/life/end-of-life/,66.75
41,P0,土地・農地・住宅,森町 農地 相続,農地 相続,/tochi/guide-01/,KEEP,/life/troubles-consult/farmland/inheritance/,/life/troubles-consult/farmland/inheritance/,農地を相続したら、静岡県森町「農林政策課 農地管理係」（農業委員会）への届出から整理する。 | 森町ライフハック,life,276.0,0.0,high,既存URLの主要意図・本文を手動確認し「農地相続」へ統合,/life/troubles-consult/farmland/inheritance/,276.0
42,P0,土地・農地・住宅,森町 農地 売却,農地 売却,/tochi/guide-02/,MERGE,/life/troubles-consult/farmland/sell-or-rent/,/life/troubles-consult/farmland/sell-or-rent/,使っていない農地を売りたい・貸したいときは、静岡県森町「農林政策課 農地管理係」（農業委員会）へ相談する。,life,89.75,32.92,high,既存URLの主要意図・本文を手動確認し「農地売買」へ統合,/life/housing/sell-house/,89.75
43,P0,土地・農地・住宅,森町 農地転用,農地転用,/tochi/guide-03/,KEEP,/life/troubles-consult/farmland/conversion/,/life/troubles-consult/farmland/conversion/,農地を宅地・駐車場にするとき（農地法4条・5条）は、静岡県森町「農林政策課 農地管理係」（農業委員会）へ事前相談する。,life,276.0,222.5,high,既存URLの主要意図・本文を手動確認し「農地転用」へ統合,/life/troubles-consult/farmland/,53.5
44,P0,土地・農地・住宅,森町 農地 貸す,農地 貸す,/tochi/guide-04/,MERGE,/life/troubles-consult/farmland/sell-or-rent/,/life/troubles-consult/farmland/sell-or-rent/,使っていない農地を売りたい・貸したいときは、静岡県森町「農林政策課 農地管理係」（農業委員会）へ相談する。,life,96.88,25.79,high,既存URLの主要意図・本文を手動確認し「使っていない農地を売る・貸す」へ統合,/life/troubles-consult/farmland/sell-or-rent/,96.88
45,P0,土地・農地・住宅,森町 農地 空き地,農地 空き地,/tochi/guide-05/,MERGE,/life/troubles-consult/farmland/sell-or-rent/,/life/troubles-consult/farmland/sell-or-rent/,使っていない農地を売りたい・貸したいときは、静岡県森町「農林政策課 農地管理係」（農業委員会）へ相談する。,life,72.94,36.99,high,既存URLの主要意図・本文を手動確認し「農地売買」へ統合,/life/troubles-consult/farmland/,72.94
46,P0,土地・農地・住宅,森町 田んぼ 相続,田んぼ 相続,/tochi/guide-06/,MERGE,/life/end-of-life/inheritance/,/life/end-of-life/inheritance/,相続は、静岡県森町の固定資産税・戸籍手続きと家族で決めることを分けて進める | 森町ライフハック,life,79.93,41.07,high,既存URLの主要意図・本文を手動確認し「森町 相続 手続き」へ統合,/life/end-of-life/,79.93
47,P0,土地・農地・住宅,森町 畑 相続,畑 相続,/tochi/guide-07/,MERGE,/life/end-of-life/inheritance/,/life/end-of-life/inheritance/,相続は、静岡県森町の固定資産税・戸籍手続きと家族で決めることを分けて進める | 森町ライフハック,life,112.5,32.67,high,既存URLの主要意図・本文を手動確認し「森町 相続 手続き」へ統合,/life/end-of-life/,112.5
48,P0,土地・農地・住宅,森町 土地 売却,土地 売却,/tochi/guide-08/,UPDATE,/life/housing/sell-house/,/life/housing/sell-house/,静岡県森町で家を売る前に、固定資産税・空き家バンクを確認する | 森町ライフハック,life,276.0,204.07,high,既存URLの主要意図・本文を手動確認し「土地売却」へ統合。不足: description(77字),/questions/housing-sell-house/,71.93
49,P0,土地・農地・住宅,森町 土地 名義変更,土地 名義変更,/tochi/guide-09/,MERGE,/life/end-of-life/inheritance/,/life/end-of-life/inheritance/,相続は、静岡県森町の固定資産税・戸籍手続きと家族で決めることを分けて進める | 森町ライフハック,life,-4.0,11.5,high,既存URLの主要意図・本文を手動確認し「」へ統合,/life/troubles-consult/farmland/conversion/,59.0
50,P0,土地・農地・住宅,森町 土地 境界,土地 境界,/tochi/guide-10/,MERGE,/life/housing/sell-house/,/life/housing/sell-house/,静岡県森町で家を売る前に、固定資産税・空き家バンクを確認する | 森町ライフハック,life,76.0,17.5,high,既存URLの主要意図・本文を手動確認し「土地売却」へ統合。不足: description(77字),/life/housing/property-tax/,58.5
51,P0,土地・農地・住宅,森町 土地 固定資産税,土地 固定資産税,/tochi/guide-11/,MERGE,/life/housing/property-tax/,/life/housing/property-tax/,静岡県森町の土地・家屋の税金は、固定資産税・都市計画税の課税内容と手続きを分けて確認する | 森町ライフハック,life,147.9,8.0,high,既存URLの主要意図・本文を手動確認し「森町 固定資産税」へ統合。不足: description(73字),/questions/housing-property-tax/,139.9
52,P0,土地・農地・住宅,森町 山林 相続,山林 相続,/tochi/guide-12/,MERGE,/life/end-of-life/inheritance/,/life/end-of-life/inheritance/,相続は、静岡県森町の固定資産税・戸籍手続きと家族で決めることを分けて進める | 森町ライフハック,life,92.67,0.0,high,既存URLの主要意図・本文を手動確認し「森町 相続 手続き」へ統合,/life/end-of-life/inheritance/,92.67
53,P0,土地・農地・住宅,森町 山林 売却,山林 売却,/tochi/guide-13/,MERGE,/life/housing/sell-house/,/life/housing/sell-house/,静岡県森町で家を売る前に、固定資産税・空き家バンクを確認する | 森町ライフハック,life,79.93,8.0,high,既存URLの主要意図・本文を手動確認し「森町 家 売却」へ統合。不足: description(77字),/questions/housing-sell-house/,71.93
54,P0,土地・農地・住宅,森町 住宅 解体,住宅 解体,/tochi/guide-14/,MERGE,/life/housing/earthquake-demolition/,/life/housing/earthquake-demolition/,静岡県森町の耐震・解体は、木造住宅の耐震診断・改修・解体助成を確認する。 | 森町ライフハック,life,122.67,0.0,high,既存URLの主要意図・本文を手動確認し「解体」へ統合。不足: description(89字),/life/housing/earthquake-demolition/,122.67
55,P0,土地・農地・住宅,森町 古家 売却,古家 売却,/tochi/guide-15/,MERGE,/life/housing/sell-house/,/life/housing/sell-house/,静岡県森町で家を売る前に、固定資産税・空き家バンクを確認する | 森町ライフハック,life,151.89,8.0,high,既存URLの主要意図・本文を手動確認し「森町 家 売却」へ統合。不足: description(77字),/questions/housing-sell-house/,143.89
56,P0,土地・農地・住宅,森町 中古住宅 売却,中古住宅 売却,/tochi/guide-16/,MERGE,/life/housing/sell-house/,/life/housing/sell-house/,静岡県森町で家を売る前に、固定資産税・空き家バンクを確認する | 森町ライフハック,life,72.94,5.56,high,既存URLの主要意図・本文を手動確認し「森町 家 売却」へ統合。不足: description(77字),/life/housing/sell-house/,72.94
57,P0,土地・農地・住宅,森町 家 査定,家 査定,/tochi/guide-17/,MERGE,/life/housing/sell-house/,/life/housing/sell-house/,静岡県森町で家を売る前に、固定資産税・空き家バンクを確認する | 森町ライフハック,life,66.83,34.17,high,既存URLの主要意図・本文を手動確認し「森町 家 売却」へ統合。不足: description(77字),/life/housing/buy-house/,66.83
58,P0,土地・農地・住宅,森町 不動産 相続,不動産 相続,/tochi/guide-18/,MERGE,/life/end-of-life/inheritance/,/life/end-of-life/inheritance/,相続は、静岡県森町の固定資産税・戸籍手続きと家族で決めることを分けて進める | 森町ライフハック,life,79.93,53.25,high,既存URLの主要意図・本文を手動確認し「森町 相続 手続き」へ統合,/life/housing/sell-house/,81.5
59,P0,土地・農地・住宅,森町 空き地 管理,空き地 管理,/tochi/guide-19/,MERGE,/life/end-of-life/inherited-house/,/life/end-of-life/inherited-house/,静岡県森町の親の家をどうするか｜使う・貸す・売る・解体の決め方 | 森町ライフハック,life,23.5,0.61,high,既存URLの主要意図・本文を手動確認し「空き家」へ統合,/life/troubles-consult/farmland/conversion/,57.67
60,P0,土地・農地・住宅,森町 土地 地番 調べ方,土地 地番 調べ方,/tochi/guide-20/,MERGE,/life/housing/sell-house/,/life/housing/sell-house/,静岡県森町で家を売る前に、固定資産税・空き家バンクを確認する | 森町ライフハック,life,61.0,11.2,high,既存URLの主要意図・本文を手動確認し「土地売却」へ統合。不足: description(77字),/life/housing/property-tax/,49.8
61,P0,介護・親,森町 介護保険 申請,介護保険 申請,/kaigo/guide-01/,MERGE,/life/parents-care/long-term-care-insurance/,/life/parents-care/long-term-care-insurance/,静岡県森町の介護保険｜申請・保険料・施設の相談先 | 森町ライフハック,life,142.5,64.0,high,既存URLの主要意図・本文を手動確認し「介護保険」へ統合。不足: description(60字),/life/parents-care/,78.5
62,P0,介護・親,森町 要介護認定,要介護認定,/kaigo/guide-02/,UPDATE,/life/parents-care/long-term-care-insurance/,/life/parents-care/long-term-care-insurance/,静岡県森町の介護保険｜申請・保険料・施設の相談先 | 森町ライフハック,life,276.0,138.83,high,既存URLの主要意図・本文を手動確認し「要介護認定」へ統合。不足: description(60字),/questions/parents-care-long-term-care-insurance/,137.17
63,P0,介護・親,森町 ケアマネジャー,ケアマネジャー,/kaigo/guide-03/,MERGE,/life/parents-care/care-started/,/life/parents-care/care-started/,親の介護が急に始まったら、静岡県森町ではまずケアプラン作成の依頼先を確認する | 森町ライフハック,life,53.5,8.0,high,既存URLの主要意図・本文を手動確認し「森町 ケアプラン ケアマネ」へ統合。不足: description(84字),/questions/parents-care-care-started/,45.5
64,P0,介護・親,森町 地域包括支援センター,地域包括支援センター,/kaigo/guide-04/,KEEP,/life/parents-care/community-support-center/,/life/parents-care/community-support-center/,介護の悩みは、静岡県森町直営の地域包括支援センターにまず相談する | 森町ライフハック,life,276.0,8.0,high,既存URLの主要意図・本文を手動確認し「森町 地域包括支援センター」へ統合,/questions/parents-care-community-support-center/,268.0
65,P0,介護・親,森町 親 認知症 相談,親 認知症 相談,/kaigo/guide-05/,MERGE,/life/parents-care/dementia-consultation/,/life/parents-care/dementia-consultation/,親が認知症かもしれないとき、静岡県森町の地域包括支援センター係への相談から始める | 森町ライフハック,life,168.5,8.0,high,既存URLの主要意図・本文を手動確認し「森町 認知症 相談」へ統合,/questions/parents-care-dementia-consultation/,160.5
66,P0,介護・親,森町 認知症 介護,認知症 介護,/kaigo/guide-06/,MERGE,/life/parents-care/dementia-consultation/,/life/parents-care/dementia-consultation/,親が認知症かもしれないとき、静岡県森町の地域包括支援センター係への相談から始める | 森町ライフハック,life,81.5,0.0,high,既存URLの主要意図・本文を手動確認し「森町 認知症 相談」へ統合,/life/parents-care/community-support-center/,109.93
67,P0,介護・親,森町 デイサービス,デイサービス,/kaigo/guide-07/,MERGE,/life/parents-care/long-term-care-insurance/,/life/parents-care/long-term-care-insurance/,静岡県森町の介護保険｜申請・保険料・施設の相談先 | 森町ライフハック,life,26.0,2.97,high,既存URLの主要意図・本文を手動確認し「」へ統合。不足: description(60字),/questions/parents-care-elderly-transportation/,35.6
68,P0,介護・親,森町 訪問介護,訪問介護,/kaigo/guide-08/,MERGE,/life/parents-care/long-term-care-insurance/,/life/parents-care/long-term-care-insurance/,静岡県森町の介護保険｜申請・保険料・施設の相談先 | 森町ライフハック,life,53.5,0.0,high,既存URLの主要意図・本文を手動確認し「介護保険」へ統合。不足: description(60字),/life/parents-care/community-support-center/,100.17
69,P0,介護・親,森町 ショートステイ,ショートステイ,/kaigo/guide-09/,MERGE,/life/parents-care/long-term-care-insurance/,/life/parents-care/long-term-care-insurance/,静岡県森町の介護保険｜申請・保険料・施設の相談先 | 森町ライフハック,life,26.0,2.7,high,既存URLの主要意図・本文を手動確認し「」へ統合。不足: description(60字),/life/parents-care/community-support-center/,32.47
70,P0,介護・親,森町 介護施設,介護施設,/kaigo/guide-10/,KEEP,/life/parents-care/find-nursing-home/,/life/parents-care/find-nursing-home/,静岡県森町の介護施設探しは、介護サービス情報公表システムで種類から選ぶ | 森町ライフハック,life,276.0,130.14,high,既存URLの主要意図・本文を手動確認し「介護施設」へ統合,/questions/parents-care-find-nursing-home/,145.86
71,P0,介護・親,森町 老人ホーム,老人ホーム,/kaigo/guide-11/,KEEP,/life/parents-care/find-nursing-home/,/life/parents-care/find-nursing-home/,静岡県森町の介護施設探しは、介護サービス情報公表システムで種類から選ぶ | 森町ライフハック,life,276.0,240.83,high,既存URLの主要意図・本文を手動確認し「老人ホーム」へ統合,/life/parents-care/check-parents/,35.17
72,P0,介護・親,森町 介護 保険料,介護 保険料,/kaigo/guide-12/,MERGE,/life/parents-care/long-term-care-insurance/,/life/parents-care/long-term-care-insurance/,静岡県森町の介護保険｜申請・保険料・施設の相談先 | 森町ライフハック,life,157.39,47.46,high,既存URLの主要意図・本文を手動確認し「介護保険」へ統合。不足: description(60字),/life/parents-care/,109.93
73,P0,介護・親,森町 介護 費用,介護 費用,/kaigo/guide-13/,MERGE,/life/parents-care/long-term-care-insurance/,/life/parents-care/long-term-care-insurance/,静岡県森町の介護保険｜申請・保険料・施設の相談先 | 森町ライフハック,life,76.0,0.0,high,既存URLの主要意図・本文を手動確認し「介護保険」へ統合。不足: description(60字),/life/parents-care/community-support-center/,122.67
74,P0,介護・親,森町 介護 住宅改修,介護 住宅改修,/kaigo/guide-14/,MERGE,/life/parents-care/long-term-care-insurance/,/life/parents-care/long-term-care-insurance/,静岡県森町の介護保険｜申請・保険料・施設の相談先 | 森町ライフハック,life,70.5,0.0,high,既存URLの主要意図・本文を手動確認し「介護保険」へ統合。不足: description(60字),/life/parents-care/community-support-center/,101.0
75,P0,介護・親,森町 介護 福祉用具,介護 福祉用具,/kaigo/guide-15/,MERGE,/life/parents-care/long-term-care-insurance/,/life/parents-care/long-term-care-insurance/,静岡県森町の介護保険｜申請・保険料・施設の相談先 | 森町ライフハック,life,70.5,0.0,high,既存URLの主要意図・本文を手動確認し「介護保険」へ統合。不足: description(60字),/life/parents-care/community-support-center/,101.0
76,P0,介護・親,森町 親 一人暮らし,親 一人暮らし,/kaigo/guide-16/,MERGE,/life/parents-care/check-parents/,/life/parents-care/check-parents/,離れて暮らす親が心配なとき、静岡県森町の地域包括支援センター係にまず相談する | 森町ライフハック,life,113.31,8.0,high,既存URLの主要意図・本文を手動確認し「一人暮らしの親」へ統合,/questions/parents-care-check-parents/,105.31
77,P0,介護・親,森町 高齢者 見守り,高齢者 見守り,/kaigo/guide-17/,KEEP,/life/parents-care/check-parents/,/life/parents-care/check-parents/,離れて暮らす親が心配なとき、静岡県森町の地域包括支援センター係にまず相談する | 森町ライフハック,life,276.0,8.0,high,既存URLの主要意図・本文を手動確認し「森町 高齢者 見守り」へ統合,/questions/parents-care-check-parents/,268.0
78,P0,介護・親,森町 介護 離職,介護 離職,/kaigo/guide-18/,MERGE,/life/parents-care/long-term-care-insurance/,/life/parents-care/long-term-care-insurance/,静岡県森町の介護保険｜申請・保険料・施設の相談先 | 森町ライフハック,life,76.0,0.0,high,既存URLの主要意図・本文を手動確認し「介護保険」へ統合。不足: description(60字),/life/parents-care/community-support-center/,122.67
79,P0,介護・親,森町 親 施設入所 実家,親 施設入所 実家,/kaigo/guide-19/,MERGE,/life/parents-care/find-nursing-home/,/life/parents-care/find-nursing-home/,静岡県森町の介護施設探しは、介護サービス情報公表システムで種類から選ぶ | 森町ライフハック,life,59.33,2.46,high,既存URLの主要意図・本文を手動確認し「親が入る介護施設を探す」へ統合,/life/end-of-life/inherited-house/,56.87
80,P0,介護・親,森町 介護 空き家,介護 空き家,/kaigo/guide-20/,MERGE,/life/end-of-life/inherited-house/,/life/end-of-life/inherited-house/,静岡県森町の親の家をどうするか｜使う・貸す・売る・解体の決め方 | 森町ライフハック,life,104.75,0.0,high,既存URLの主要意図・本文を手動確認し「空き家」へ統合,/life/parents-care/community-support-center/,109.93
81,P1,ごみ・生活環境,森町 ごみ 収集日,ごみ 収集日,/gomi/guide-01/,MERGE,/life/start-living/how-to-garbage/,/life/start-living/how-to-garbage/,静岡県森町のごみ収集カレンダー2026｜分別・ごみの日・持ち込み | 森町ライフハック,life,134.75,61.81,high,既存URLの主要意図・本文を手動確認し「収集日」へ統合。不足: description(58字),/life/moving-out/bulk-garbage-cleaning/,72.94
82,P1,ごみ・生活環境,森町 ごみ 分別,ごみ 分別,/gomi/guide-02/,MERGE,/life/start-living/how-to-garbage/,/life/start-living/how-to-garbage/,静岡県森町のごみ収集カレンダー2026｜分別・ごみの日・持ち込み | 森町ライフハック,life,122.67,28.24,high,既存URLの主要意図・本文を手動確認し「分別」へ統合。不足: description(58字),/questions/start-living-how-to-garbage/,94.43
83,P1,ごみ・生活環境,森町 粗大ごみ,粗大ごみ,/gomi/guide-03/,UPDATE,/life/start-living/bulky-garbage-dropoff/,/life/start-living/bulky-garbage-dropoff/,静岡県森町で粗大ごみを出す。持ち込み先は中遠広域粗大ごみ処理施設（磐田市）。 | 森町ライフハック,life,276.0,0.0,high,既存URLの主要意図・本文を手動確認し「森町 粗大ごみ」へ統合。不足: description(82字),/life/start-living/bulky-garbage-dropoff/,276.0
84,P1,ごみ・生活環境,森町 ごみ 持ち込み,ごみ 持ち込み,/gomi/guide-04/,MERGE,/life/start-living/bulky-garbage-dropoff/,/life/start-living/bulky-garbage-dropoff/,静岡県森町で粗大ごみを出す。持ち込み先は中遠広域粗大ごみ処理施設（磐田市）。 | 森町ライフハック,life,174.39,73.39,high,既存URLの主要意図・本文を手動確認し「粗大ごみ持ち込み」へ統合。不足: description(82字),/life/start-living/how-to-garbage/,101.0
85,P1,ごみ・生活環境,森町 燃えるごみ,燃えるごみ,/gomi/guide-05/,MERGE,/life/start-living/how-to-garbage/,/life/start-living/how-to-garbage/,静岡県森町のごみ収集カレンダー2026｜分別・ごみの日・持ち込み | 森町ライフハック,life,87.43,36.99,high,既存URLの主要意図・本文を手動確認し「ごみ」へ統合。不足: description(58字),/life/moving-out/bulk-garbage-cleaning/,50.44
86,P1,ごみ・生活環境,森町 燃えないごみ,燃えないごみ,/gomi/guide-06/,MERGE,/life/start-living/how-to-garbage/,/life/start-living/how-to-garbage/,静岡県森町のごみ収集カレンダー2026｜分別・ごみの日・持ち込み | 森町ライフハック,life,78.5,30.5,high,既存URLの主要意図・本文を手動確認し「ごみ」へ統合。不足: description(58字),/life/moving-out/bulk-garbage-cleaning/,48.0
87,P1,ごみ・生活環境,森町 資源ごみ,資源ごみ,/gomi/guide-07/,MERGE,/life/start-living/how-to-garbage/,/life/start-living/how-to-garbage/,静岡県森町のごみ収集カレンダー2026｜分別・ごみの日・持ち込み | 森町ライフハック,life,100.17,46.67,high,既存URLの主要意図・本文を手動確認し「ごみ」へ統合。不足: description(58字),/life/moving-out/bulk-garbage-cleaning/,53.5
88,P1,ごみ・生活環境,森町 古紙 回収,古紙 回収,/gomi/guide-08/,MERGE,/life/start-living/how-to-garbage/,/life/start-living/how-to-garbage/,静岡県森町のごみ収集カレンダー2026｜分別・ごみの日・持ち込み | 森町ライフハック,life,41.71,15.71,high,既存URLの主要意図・本文を手動確認し「収集日」へ統合。不足: description(58字),/life/moving-out/,26.0
89,P1,ごみ・生活環境,森町 家電 捨て方,家電 捨て方,/gomi/guide-09/,MERGE,/life/start-living/how-to-garbage/,/life/start-living/how-to-garbage/,静岡県森町のごみ収集カレンダー2026｜分別・ごみの日・持ち込み | 森町ライフハック,life,36.0,8.0,high,既存URLの主要意図・本文を手動確認し「ごみの出し方」へ統合。不足: description(58字),/questions/moving-out-bulk-garbage-cleaning/,77.17
90,P1,ごみ・生活環境,森町 テレビ 処分,テレビ 処分,/gomi/guide-10/,MERGE,/life/start-living/how-to-garbage/,/life/start-living/how-to-garbage/,静岡県森町のごみ収集カレンダー2026｜分別・ごみの日・持ち込み | 森町ライフハック,life,41.71,8.0,high,既存URLの主要意図・本文を手動確認し「分別」へ統合。不足: description(58字),/questions/moving-out-bulk-garbage-cleaning/,57.42
91,P1,ごみ・生活環境,森町 冷蔵庫 処分,冷蔵庫 処分,/gomi/guide-11/,MERGE,/life/start-living/how-to-garbage/,/life/start-living/how-to-garbage/,静岡県森町のごみ収集カレンダー2026｜分別・ごみの日・持ち込み | 森町ライフハック,life,41.71,8.0,high,既存URLの主要意図・本文を手動確認し「分別」へ統合。不足: description(58字),/questions/moving-out-bulk-garbage-cleaning/,57.42
92,P1,ごみ・生活環境,森町 洗濯機 処分,洗濯機 処分,/gomi/guide-12/,MERGE,/life/start-living/how-to-garbage/,/life/start-living/how-to-garbage/,静岡県森町のごみ収集カレンダー2026｜分別・ごみの日・持ち込み | 森町ライフハック,life,41.71,8.0,high,既存URLの主要意図・本文を手動確認し「分別」へ統合。不足: description(58字),/questions/moving-out-bulk-garbage-cleaning/,57.42
93,P1,ごみ・生活環境,森町 エアコン 処分,エアコン 処分,/gomi/guide-13/,MERGE,/life/start-living/how-to-garbage/,/life/start-living/how-to-garbage/,静岡県森町のごみ収集カレンダー2026｜分別・ごみの日・持ち込み | 森町ライフハック,life,39.75,8.0,high,既存URLの主要意図・本文を手動確認し「分別」へ統合。不足: description(58字),/questions/moving-out-bulk-garbage-cleaning/,56.21
94,P1,ごみ・生活環境,森町 パソコン 処分,パソコン 処分,/gomi/guide-14/,MERGE,/life/start-living/how-to-garbage/,/life/start-living/how-to-garbage/,静岡県森町のごみ収集カレンダー2026｜分別・ごみの日・持ち込み | 森町ライフハック,life,39.75,8.0,high,既存URLの主要意図・本文を手動確認し「分別」へ統合。不足: description(58字),/questions/moving-out-bulk-garbage-cleaning/,56.21
95,P1,ごみ・生活環境,森町 布団 捨て方,布団 捨て方,/gomi/guide-15/,MERGE,/life/start-living/how-to-garbage/,/life/start-living/how-to-garbage/,静岡県森町のごみ収集カレンダー2026｜分別・ごみの日・持ち込み | 森町ライフハック,life,36.0,3.66,high,既存URLの主要意図・本文を手動確認し「ごみの出し方」へ統合。不足: description(58字),/life/start-living/bulky-garbage-dropoff/,40.67
96,P1,ごみ・生活環境,森町 家具 捨て方,家具 捨て方,/gomi/guide-16/,MERGE,/life/start-living/how-to-garbage/,/life/start-living/how-to-garbage/,静岡県森町のごみ収集カレンダー2026｜分別・ごみの日・持ち込み | 森町ライフハック,life,36.0,8.0,high,既存URLの主要意図・本文を手動確認し「ごみの出し方」へ統合。不足: description(58字),/questions/start-living-bulky-garbage-dropoff/,69.83
97,P1,ごみ・生活環境,森町 枝 木 処分,枝 木 処分,/gomi/guide-17/,MERGE,/life/start-living/how-to-garbage/,/life/start-living/how-to-garbage/,静岡県森町のごみ収集カレンダー2026｜分別・ごみの日・持ち込み | 森町ライフハック,life,44.33,8.0,high,既存URLの主要意図・本文を手動確認し「分別」へ統合。不足: description(58字),/questions/moving-out-bulk-garbage-cleaning/,51.33
98,P1,ごみ・生活環境,森町 草 処分,草 処分,/gomi/guide-18/,MERGE,/life/start-living/how-to-garbage/,/life/start-living/how-to-garbage/,静岡県森町のごみ収集カレンダー2026｜分別・ごみの日・持ち込み | 森町ライフハック,life,48.0,8.0,high,既存URLの主要意図・本文を手動確認し「分別」へ統合。不足: description(58字),/questions/moving-out-bulk-garbage-cleaning/,60.5
99,P1,ごみ・生活環境,森町 引越し ごみ,引越し ごみ,/gomi/guide-19/,MERGE,/life/moving-out/bulk-garbage-cleaning/,/life/moving-out/bulk-garbage-cleaning/,転出前の片付けは、粗大ごみは中遠広域施設へ・家電は家電リサイクル法対応で | 静岡県森町ライフハック,life,90.81,19.12,high,既存URLの主要意図・本文を手動確認し「森町 引っ越し ごみ 処分」へ統合,/life/moving-out/bulk-garbage-cleaning/,90.81
100,P1,ごみ・生活環境,森町 大量ごみ,大量ごみ,/gomi/guide-20/,MERGE,/life/moving-out/bulk-garbage-cleaning/,/life/moving-out/bulk-garbage-cleaning/,転出前の片付けは、粗大ごみは中遠広域施設へ・家電は家電リサイクル法対応で | 静岡県森町ライフハック,life,67.25,32.92,high,既存URLの主要意図・本文を手動確認し「粗大ごみ」へ統合,/life/moving-out/bulk-garbage-cleaning/,67.25
101,P1,行政手続き,森町 転入届,転入届,/tetsuzuki/guide-01/,UPDATE,/life/start-living/moved-in/,/life/start-living/moved-in/,静岡県森町に引っ越してきたら、転入届→マイナンバー→水道→ごみ→犬の登録の順で片づける。 | 森町ライフハック,life,276.0,8.0,high,既存URLの主要意図・本文を手動確認し「森町 転入届」へ統合。不足: description(88字),/questions/start-living-moved-in/,268.0
102,P1,行政手続き,森町 転出届,転出届,/tetsuzuki/guide-02/,KEEP,/life/moving-out/move-out-notice/,/life/moving-out/move-out-notice/,転出届は引っ越し予定日の14日前から住民生活課住民係で | 静岡県森町ライフハック,life,276.0,8.0,high,既存URLの主要意図・本文を手動確認し「森町 転出届」へ統合,/questions/moving-out-move-out-notice/,268.0
103,P1,行政手続き,森町 転居届,転居届,/tetsuzuki/guide-03/,MERGE,/life/start-living/moved-in/,/life/start-living/moved-in/,静岡県森町に引っ越してきたら、転入届→マイナンバー→水道→ごみ→犬の登録の順で片づける。 | 森町ライフハック,life,62.67,0.0,high,既存URLの主要意図・本文を手動確認し「森町 転入届」へ統合。不足: description(88字),/life/start-living/moved-in/,62.67
104,P1,行政手続き,森町 住民票,住民票,/tetsuzuki/guide-04/,KEEP,/life/start-living/certificates/,/life/start-living/certificates/,静岡県森町の証明書の選び方｜住民票・戸籍・印鑑証明の取り方 | 森町ライフハック,life,276.0,0.0,high,既存URLの主要意図・本文を手動確認し「住民票」へ統合,/life/start-living/resident-registration/,276.0
105,P1,行政手続き,森町 戸籍謄本,戸籍謄本,/tetsuzuki/guide-05/,MERGE,/life/start-living/certificates/,/life/start-living/certificates/,静岡県森町の証明書の選び方｜住民票・戸籍・印鑑証明の取り方 | 森町ライフハック,life,153.86,8.0,high,既存URLの主要意図・本文を手動確認し「戸籍謄本がいる」へ統合,/questions/start-living-certificates/,145.86
106,P1,行政手続き,森町 印鑑証明,印鑑証明,/tetsuzuki/guide-06/,KEEP,/life/start-living/certificates/,/life/start-living/certificates/,静岡県森町の証明書の選び方｜住民票・戸籍・印鑑証明の取り方 | 森町ライフハック,life,276.0,130.14,high,既存URLの主要意図・本文を手動確認し「印鑑証明」へ統合,/questions/start-living-certificates/,145.86
107,P1,行政手続き,森町 印鑑登録,印鑑登録,/tetsuzuki/guide-07/,MERGE,/life/start-living/certificates/,/life/start-living/certificates/,静岡県森町の証明書の選び方｜住民票・戸籍・印鑑証明の取り方 | 森町ライフハック,life,53.5,3.93,high,既存URLの主要意図・本文を手動確認し「印鑑証明」へ統合,/life/start-living/certificates/,53.5
108,P1,行政手続き,森町 マイナンバーカード,マイナンバーカード,/tetsuzuki/guide-08/,UPDATE,/life/start-living/mynumber/,/life/start-living/mynumber/,静岡県森町でマイナンバーカードを申請から受け取りまで進める。窓口はタブレット申請にも対応。 | 森町ライフハック,life,276.0,102.14,high,既存URLの主要意図・本文を手動確認し「マイナンバーカード」へ統合。不足: description(88字),/questions/start-living-mynumber/,173.86
109,P1,行政手続き,森町 住所変更,住所変更,/tetsuzuki/guide-09/,UPDATE,/life/start-living/moved-in/,/life/start-living/moved-in/,静岡県森町に引っ越してきたら、転入届→マイナンバー→水道→ごみ→犬の登録の順で片づける。 | 森町ライフハック,life,276.0,130.14,high,既存URLの主要意図・本文を手動確認し「住所変更」へ統合。不足: description(88字),/questions/start-living-moved-in/,145.86
110,P1,行政手続き,森町 世帯分離,世帯分離,/tetsuzuki/guide-10/,CREATE,/life/start-living/household-separation/,/life/start-living/how-to-garbage/,静岡県森町のごみ収集カレンダー2026｜分別・ごみの日・持ち込み | 森町ライフハック,life,44.33,7.33,high,既存129ページと質問ページに同一の主要検索意図がないため、既存URL体系内に新設,/life/family-grow/single-parent-support/,37.0
111,P1,行政手続き,森町 住民票 コンビニ,住民票 コンビニ,/tetsuzuki/guide-11/,UPDATE,/life/start-living/resident-registration/,/life/start-living/resident-registration/,静岡県森町で住民票を急ぎで手に入れる。コンビニ交付なら毎日6:30-23:00、200円。 | 森町ライフハック,life,276.0,8.0,high,既存URLの主要意図・本文を手動確認し「森町 住民票 コンビニ」へ統合。不足: description(84字),/questions/start-living-resident-registration/,268.0
112,P1,行政手続き,森町 戸籍 郵送,戸籍 郵送,/tetsuzuki/guide-12/,MERGE,/life/start-living/certificates/,/life/start-living/certificates/,静岡県森町の証明書の選び方｜住民票・戸籍・印鑑証明の取り方 | 森町ライフハック,life,122.67,52.17,high,既存URLの主要意図・本文を手動確認し「戸籍」へ統合,/life/moving-out/move-out-notice/,70.5
113,P1,行政手続き,森町 住民票 郵送,住民票 郵送,/tetsuzuki/guide-13/,MERGE,/life/start-living/certificates/,/life/start-living/certificates/,静岡県森町の証明書の選び方｜住民票・戸籍・印鑑証明の取り方 | 森町ライフハック,life,134.75,0.0,high,既存URLの主要意図・本文を手動確認し「住民票」へ統合,/life/start-living/resident-registration/,134.75
114,P1,行政手続き,森町 住民票 委任状,住民票 委任状,/tetsuzuki/guide-14/,MERGE,/life/start-living/certificates/,/life/start-living/certificates/,静岡県森町の証明書の選び方｜住民票・戸籍・印鑑証明の取り方 | 森町ライフハック,life,122.67,0.0,high,既存URLの主要意図・本文を手動確認し「住民票」へ統合,/life/start-living/resident-registration/,122.67
115,P1,行政手続き,森町 印鑑証明 委任状,印鑑証明 委任状,/tetsuzuki/guide-15/,MERGE,/life/start-living/certificates/,/life/start-living/certificates/,静岡県森町の証明書の選び方｜住民票・戸籍・印鑑証明の取り方 | 森町ライフハック,life,131.36,59.43,high,既存URLの主要意図・本文を手動確認し「印鑑証明」へ統合,/questions/start-living-certificates/,71.93
116,P1,行政手続き,森町 引っ越し 手続き,引っ越し 手続き,/tetsuzuki/guide-16/,MERGE,/life/living-soon/moving-decided/,/life/living-soon/moving-decided/,引っ越しが決まったら、何をいつまでにやるかを順番に整理する。 | 静岡県森町ライフハック,life,135.0,0.0,high,既存URLの主要意図・本文を手動確認し「引っ越し準備」へ統合,/life/moving-out/moving-away/,276.0
117,P1,行政手続き,森町 水道 開始,水道 開始,/tetsuzuki/guide-17/,UPDATE,/life/start-living/water-start-stop-fees/,/life/start-living/water-start-stop-fees/,静岡県森町で水道の使用開始・中止を届け出る。期限は閉開栓日の前日まで（土日祝除く）。 | 森町ライフハック,life,276.0,188.56,high,既存URLの主要意図・本文を手動確認し「水道開始」へ統合。不足: description(88字),/questions/start-living-water-start-stop-fees/,87.44
118,P1,行政手続き,森町 水道 停止,水道 停止,/tetsuzuki/guide-18/,UPDATE,/life/start-living/water-start-stop-fees/,/life/start-living/water-start-stop-fees/,静岡県森町で水道の使用開始・中止を届け出る。期限は閉開栓日の前日まで（土日祝除く）。 | 森町ライフハック,life,276.0,196.07,high,既存URLの主要意図・本文を手動確認し「水道停止」へ統合。不足: description(88字),/life/start-living/water-sewer/,79.93
119,P1,行政手続き,森町 犬 住所変更,犬 住所変更,/tetsuzuki/guide-19/,MERGE,/life/moving-out/dog-ownership-change/,/life/moving-out/dog-ownership-change/,犬の登録変更は、静岡県森町発行の愛犬カードと鑑札を持って転出先の役所へ | 森町ライフハック,life,81.5,75.89,high,既存URLの主要意図・本文を手動確認し「犬登録変更」へ統合,/life/moving-out/dog-ownership-change/,81.5
120,P1,行政手続き,森町 原付 住所変更,原付 住所変更,/tetsuzuki/guide-20/,MERGE,/life/work-life/light-vehicle-tax/,/life/work-life/light-vehicle-tax/,静岡県森町の軽自動車税は、排気量・車種ごとの税額を町民税係で確認する | 森町ライフハック,life,-4.0,68.15,high,既存URLの主要意図・本文を手動確認し「」へ統合。不足: description(88字),/questions/start-living-moved-in/,74.35
121,P1,税金・保険・年金,森町 固定資産税,固定資産税,/zeikin/guide-01/,UPDATE,/life/housing/property-tax/,/life/housing/property-tax/,静岡県森町の土地・家屋の税金は、固定資産税・都市計画税の課税内容と手続きを分けて確認する | 森町ライフハック,life,246.0,8.0,high,既存URLの主要意図・本文を手動確認し「森町 固定資産税」へ統合。不足: description(73字),/questions/housing-property-tax/,238.0
122,P1,税金・保険・年金,森町 住民税,住民税,/zeikin/guide-02/,UPDATE,/life/work-life/resident-tax/,/life/work-life/resident-tax/,静岡県森町の住民税（町・県民税）は、納付方法と電子申告を税務課で確認する | 森町ライフハック,life,276.0,8.0,high,既存URLの主要意図・本文を手動確認し「森町 住民税」へ統合。不足: description(81字),/questions/work-life-resident-tax/,268.0
123,P1,税金・保険・年金,森町 町民税,町民税,/zeikin/guide-03/,MERGE,/life/work-life/resident-tax/,/life/work-life/resident-tax/,静岡県森町の住民税（町・県民税）は、納付方法と電子申告を税務課で確認する | 森町ライフハック,life,62.67,0.7,high,既存URLの主要意図・本文を手動確認し「森町 住民税」へ統合。不足: description(81字),/life/work-life/light-vehicle-tax/,90.33
124,P1,税金・保険・年金,森町 軽自動車税,軽自動車税,/zeikin/guide-04/,UPDATE,/life/work-life/light-vehicle-tax/,/life/work-life/light-vehicle-tax/,静岡県森町の軽自動車税は、排気量・車種ごとの税額を町民税係で確認する | 森町ライフハック,life,276.0,8.0,high,既存URLの主要意図・本文を手動確認し「森町 軽自動車税」へ統合。不足: description(88字),/questions/work-life-light-vehicle-tax/,268.0
125,P1,税金・保険・年金,森町 国民健康保険,国民健康保険,/zeikin/guide-05/,MERGE,/life/work-life/national-health-insurance-tax/,/life/work-life/national-health-insurance-tax/,静岡県森町の国民健康保険税は、税務課町民税係で税率・減免を確認する | 森町ライフハック,life,186.05,89.95,high,既存URLの主要意図・本文を手動確認し「森町 国民健康保険税」へ統合。不足: description(85字),/life/work-life/national-health-insurance-tax/,186.05
126,P1,税金・保険・年金,森町 国民年金,国民年金,/zeikin/guide-06/,UPDATE,/life/work-life/nhk-pension/,/life/work-life/nhk-pension/,静岡県森町の国民健康保険・国民年金は、住民生活課国保年金係で手続きする | 森町ライフハック,life,276.0,8.0,high,既存URLの主要意図・本文を手動確認し「森町 国民年金 手続き」へ統合。不足: description(86字),/questions/work-life-nhk-pension/,268.0
127,P1,税金・保険・年金,森町 税金 払えない,税金 払えない,/zeikin/guide-07/,KEEP,/life/troubles-consult/cannot-pay-tax/,/life/troubles-consult/cannot-pay-tax/,静岡県森町で税金が払えないとき｜差押えの前に納税相談をする | 森町ライフハック,life,246.0,8.0,high,既存URLの主要意図・本文を手動確認し「森町 税金 払えない」へ統合,/questions/troubles-consult-cannot-pay-tax/,238.0
128,P1,税金・保険・年金,森町 税金 納付方法,税金 納付方法,/zeikin/guide-08/,MERGE,/life/work-life/city-tax-payment/,/life/work-life/city-tax-payment/,静岡県森町の町税の納付方法は、口座振替・コンビニ・スマホ決済から選べる | 森町ライフハック,life,82.88,0.0,high,既存URLの主要意図・本文を手動確認し「町税の納付方法を選ぶ」へ統合。不足: description(83字),/life/work-life/tax/,101.0
129,P1,税金・保険・年金,森町 税金 コンビニ,税金 コンビニ,/zeikin/guide-09/,MERGE,/life/work-life/city-tax-payment/,/life/work-life/city-tax-payment/,静岡県森町の町税の納付方法は、口座振替・コンビニ・スマホ決済から選べる | 森町ライフハック,life,65.17,0.0,high,既存URLの主要意図・本文を手動確認し「森町の町税の納付方法は、口座振替・コンビニ・スマホ決済から選べる」へ統合。不足: description(83字),/life/work-life/tax/,101.0
130,P1,税金・保険・年金,森町 税金 口座振替,税金 口座振替,/zeikin/guide-10/,MERGE,/life/work-life/city-tax-payment/,/life/work-life/city-tax-payment/,静岡県森町の町税の納付方法は、口座振替・コンビニ・スマホ決済から選べる | 森町ライフハック,life,79.93,0.0,high,既存URLの主要意図・本文を手動確認し「口座振替にしたい」へ統合。不足: description(83字),/life/work-life/tax/,101.0
131,P1,税金・保険・年金,森町 固定資産評価証明,固定資産評価証明,/zeikin/guide-11/,MERGE,/life/work-life/tax-certificates/,/life/work-life/tax-certificates/,静岡県森町の税務証明書（所得・課税・納税証明書等）は、窓口・郵送・委任状で申請できる | 森町ライフハック,life,42.92,1.76,high,既存URLの主要意図・本文を手動確認し「森町 所得証明書」へ統合。不足: description(82字),/questions/end-of-life-property-tax-inheritance/,41.16
132,P1,税金・保険・年金,森町 所得証明,所得証明,/zeikin/guide-12/,MERGE,/life/work-life/tax-certificates/,/life/work-life/tax-certificates/,静岡県森町の税務証明書（所得・課税・納税証明書等）は、窓口・郵送・委任状で申請できる | 森町ライフハック,life,179.89,8.0,high,既存URLの主要意図・本文を手動確認し「森町 所得証明書」へ統合。不足: description(82字),/questions/work-life-tax-certificates/,171.89
133,P1,税金・保険・年金,森町 課税証明,課税証明,/zeikin/guide-13/,MERGE,/life/work-life/tax-certificates/,/life/work-life/tax-certificates/,静岡県森町の税務証明書（所得・課税・納税証明書等）は、窓口・郵送・委任状で申請できる | 森町ライフハック,life,179.89,42.72,high,既存URLの主要意図・本文を手動確認し「課税証明書」へ統合。不足: description(82字),/questions/work-life-tax-certificates/,137.17
134,P1,税金・保険・年金,森町 非課税証明,非課税証明,/zeikin/guide-14/,MERGE,/life/work-life/tax-certificates/,/life/work-life/tax-certificates/,静岡県森町の税務証明書（所得・課税・納税証明書等）は、窓口・郵送・委任状で申請できる | 森町ライフハック,life,70.0,18.15,high,既存URLの主要意図・本文を手動確認し「課税証明書」へ統合。不足: description(82字),/questions/work-life-tax-certificates/,51.85
135,P1,税金・保険・年金,森町 国保 加入,国保 加入,/zeikin/guide-15/,MERGE,/life/work-life/nhk-pension/,/life/work-life/nhk-pension/,静岡県森町の国民健康保険・国民年金は、住民生活課国保年金係で手続きする | 森町ライフハック,life,67.63,12.3,high,既存URLの主要意図・本文を手動確認し「国民健康保険・国民年金の加入と喪失を手続きする」へ統合。不足: description(86字),/life/work-life/nhk-pension/,67.63
136,P1,税金・保険・年金,森町 国保 脱退,国保 脱退,/zeikin/guide-16/,MERGE,/life/work-life/nhk-pension/,/life/work-life/nhk-pension/,静岡県森町の国民健康保険・国民年金は、住民生活課国保年金係で手続きする | 森町ライフハック,life,56.09,23.84,high,既存URLの主要意図・本文を手動確認し「森町の国民健康保険・国民年金は、住民生活課国保年金係で手続きする」へ統合。不足: description(86字),/life/work-life/nhk-pension/,56.09
137,P1,税金・保険・年金,森町 退職 国保,退職 国保,/zeikin/guide-17/,MERGE,/life/work-life/nhk-pension/,/life/work-life/nhk-pension/,静岡県森町の国民健康保険・国民年金は、住民生活課国保年金係で手続きする | 森町ライフハック,life,56.09,23.84,high,既存URLの主要意図・本文を手動確認し「森町の国民健康保険・国民年金は、住民生活課国保年金係で手続きする」へ統合。不足: description(86字),/life/work-life/nhk-pension/,56.09
138,P1,税金・保険・年金,森町 退職 年金,退職 年金,/zeikin/guide-18/,MERGE,/life/work-life/nhk-pension/,/life/work-life/nhk-pension/,静岡県森町の国民健康保険・国民年金は、住民生活課国保年金係で手続きする | 森町ライフハック,life,76.0,46.67,high,既存URLの主要意図・本文を手動確認し「森町 国民年金 手続き」へ統合。不足: description(86字),/life/work-life/nhk-pension/,76.0
139,P1,税金・保険・年金,森町 介護保険料,介護保険料,/zeikin/guide-19/,MERGE,/life/parents-care/long-term-care-insurance/,/life/parents-care/long-term-care-insurance/,静岡県森町の介護保険｜申請・保険料・施設の相談先 | 森町ライフハック,life,104.89,47.46,high,既存URLの主要意図・本文を手動確認し「介護保険」へ統合。不足: description(60字),/life/parents-care/,57.43
140,P1,税金・保険・年金,森町 固定資産税 相続,固定資産税 相続,/zeikin/guide-20/,KEEP,/life/end-of-life/property-tax-inheritance/,/life/end-of-life/property-tax-inheritance/,固定資産税の相続は、静岡県森町税務課への相続人代表者指定届を先に確認する | 森町ライフハック,life,246.0,92.49,high,既存URLの主要意図・本文を手動確認し「固定資産税相続」へ統合,/questions/end-of-life-property-tax-inheritance/,153.51
141,P1,子育て・学校,森町 児童手当,児童手当,/kosodate/guide-01/,UPDATE,/life/family-grow/child-allowance/,/life/family-grow/child-allowance/,静岡県森町の児童手当｜申請期限・支給額・必要書類 | 森町ライフハック,life,276.0,8.0,high,既存URLの主要意図・本文を手動確認し「森町 児童手当」へ統合。不足: description(59字),/questions/family-grow-child-allowance/,268.0
142,P1,子育て・学校,森町 こども医療費,こども医療費,/kosodate/guide-02/,UPDATE,/life/family-grow/child-allowance/,/life/family-grow/child-allowance/,静岡県森町の児童手当｜申請期限・支給額・必要書類 | 森町ライフハック,life,276.0,168.97,high,既存URLの主要意図・本文を手動確認し「こども医療費」へ統合。不足: description(59字),/questions/family-grow-child-allowance/,107.03
143,P1,子育て・学校,森町 出生届,出生届,/kosodate/guide-03/,KEEP,/life/family-grow/childbirth/,/life/family-grow/childbirth/,赤ちゃんが生まれたら、出生届・児童手当・新生児出生通知をまとめて進める。 | 静岡県森町ライフハック,life,276.0,8.0,high,既存URLの主要意図・本文を手動確認し「森町 出生届」へ統合,/questions/family-grow-childbirth/,268.0
144,P1,子育て・学校,森町 妊娠届,妊娠届,/kosodate/guide-04/,UPDATE,/life/family-grow/pregnancy/,/life/family-grow/pregnancy/,妊娠がわかったら、まず妊娠届を出して母子健康手帳を受け取る。 | 静岡県森町ライフハック,life,276.0,147.86,high,既存URLの主要意図・本文を手動確認し「妊娠届」へ統合。不足: description(88字),/questions/family-grow-pregnancy/,128.14
145,P1,子育て・学校,森町 母子手帳,母子手帳,/kosodate/guide-05/,UPDATE,/life/family-grow/pregnancy/,/life/family-grow/pregnancy/,妊娠がわかったら、まず妊娠届を出して母子健康手帳を受け取る。 | 静岡県森町ライフハック,life,276.0,130.14,high,既存URLの主要意図・本文を手動確認し「母子手帳」へ統合。不足: description(88字),/questions/family-grow-pregnancy/,145.86
146,P1,子育て・学校,森町 保育園,保育園,/kosodate/guide-06/,UPDATE,/life/family-grow/nursery-school/,/life/family-grow/nursery-school/,静岡県森町の保育園・幼稚園｜空き状況・申込み・施設一覧 | 森町ライフハック,life,276.0,130.83,high,既存URLの主要意図・本文を手動確認し「保育園」へ統合。不足: description(60字),/life/family-grow/nursery-childcare/,145.17
147,P1,子育て・学校,森町 保育園 空き,保育園 空き,/kosodate/guide-07/,MERGE,/life/family-grow/nursery-school/,/life/family-grow/nursery-school/,静岡県森町の保育園・幼稚園｜空き状況・申込み・施設一覧 | 森町ライフハック,life,170.4,8.0,high,既存URLの主要意図・本文を手動確認し「森町 保育園 空き状況」へ統合。不足: description(60字),/questions/family-grow-nursery-school/,162.4
148,P1,子育て・学校,森町 保育園 申込み,保育園 申込み,/kosodate/guide-08/,KEEP,/life/family-grow/nursery-childcare/,/life/family-grow/nursery-childcare/,保育園の入所申込みと病児・病後児保育を、必要なタイミングから確認する。 | 静岡県森町ライフハック,life,276.0,8.0,high,既存URLの主要意図・本文を手動確認し「森町 保育園 申込み」へ統合,/questions/family-grow-nursery-childcare/,268.0
149,P1,子育て・学校,森町 幼稚園,幼稚園,/kosodate/guide-09/,UPDATE,/life/family-grow/nursery-school/,/life/family-grow/nursery-school/,静岡県森町の保育園・幼稚園｜空き状況・申込み・施設一覧 | 森町ライフハック,life,276.0,175.07,high,既存URLの主要意図・本文を手動確認し「幼稚園」へ統合。不足: description(60字),/questions/family-grow-nursery-school/,100.93
150,P1,子育て・学校,森町 小学校 学区,小学校 学区,/kosodate/guide-10/,MERGE,/life/education/school-zones/,/life/education/school-zones/,静岡県森町の小学校・中学校の学区｜住所から通学区域を確認 | 森町ライフハック,life,109.93,24.82,high,既存URLの主要意図・本文を手動確認し「森町 学区」へ統合。不足: description(62字),/life/education/,109.93
151,P1,子育て・学校,森町 中学校 学区,中学校 学区,/kosodate/guide-11/,MERGE,/life/education/school-zones/,/life/education/school-zones/,静岡県森町の小学校・中学校の学区｜住所から通学区域を確認 | 森町ライフハック,life,109.93,24.82,high,既存URLの主要意図・本文を手動確認し「森町 学区」へ統合。不足: description(62字),/life/education/,109.93
152,P1,子育て・学校,森町 転校 手続き,転校 手続き,/kosodate/guide-12/,KEEP,/life/education/school-district-transfer/,/life/education/school-district-transfer/,転校は、住所異動の届出と通学中の学校での手続きをまとめて確認する | 静岡県森町ライフハック,life,276.0,8.0,high,既存URLの主要意図・本文を手動確認し「森町 転校 手続き」へ統合,/questions/education-school-district-transfer/,268.0
153,P1,子育て・学校,森町 就学援助,就学援助,/kosodate/guide-13/,KEEP,/life/education/school-expense-support/,/life/education/school-expense-support/,学校費用の不安は、就学援助制度と学校教育課への相談を先に確認する | 静岡県森町ライフハック,life,276.0,8.0,high,既存URLの主要意図・本文を手動確認し「森町 就学援助」へ統合,/questions/education-school-expense-support/,268.0
154,P1,子育て・学校,森町 学童保育,学童保育,/kosodate/guide-14/,UPDATE,/life/education/after-school-club/,/life/education/after-school-club/,静岡県森町の放課後児童クラブは、対象学年と申請時期（例年9月）を先に確認する | 森町ライフハック,life,276.0,175.83,high,既存URLの主要意図・本文を手動確認し「学童保育」へ統合。不足: description(131字),/life/family-grow/nursery-childcare/,100.17
155,P1,子育て・学校,森町 予防接種 子ども,予防接種 子ども,/kosodate/guide-15/,KEEP,/life/family-grow/child-vaccination/,/life/family-grow/child-vaccination/,子どもの予防接種は、母子健康手帳と予診票をそろえて医療機関で受ける。 | 静岡県森町ライフハック,life,276.0,8.0,high,既存URLの主要意図・本文を手動確認し「森町 予防接種 子ども」へ統合,/questions/family-grow-child-vaccination/,268.0
156,P1,子育て・学校,森町 乳幼児健診,乳幼児健診,/kosodate/guide-16/,KEEP,/life/family-grow/infant-health-check/,/life/family-grow/infant-health-check/,乳幼児健診の案内を見落とさず、1か月・4か月・10か月・1歳6か月・3歳児で確認する。 | 静岡県森町ライフハック,life,276.0,8.0,high,既存URLの主要意図・本文を手動確認し「森町 乳幼児健診」へ統合,/questions/family-grow-infant-health-check/,268.0
157,P1,子育て・学校,森町 ひとり親 支援,ひとり親 支援,/kosodate/guide-17/,MERGE,/life/family-grow/single-parent-support/,/life/family-grow/single-parent-support/,ひとり親家庭の児童扶養手当・医療費助成を、最初に見る順番で整理する。 | 静岡県森町ライフハック,life,142.5,42.83,high,既存URLの主要意図・本文を手動確認し「ひとり親」へ統合,/questions/family-grow-single-parent-support/,99.67
158,P1,子育て・学校,森町 子育て 支援,子育て 支援,/kosodate/guide-18/,KEEP,/life/family-grow/parenting-support/,/life/family-grow/parenting-support/,子育てで迷ったら、こども家庭センターと児童館・子育て応援アプリを使い分ける。 | 静岡県森町ライフハック,life,276.0,141.25,high,既存URLの主要意図・本文を手動確認し「子育て支援」へ統合,/life/family-grow/,134.75
159,P1,子育て・学校,森町 出産 手続き,出産 手続き,/kosodate/guide-19/,KEEP,/life/family-grow/childbirth/,/life/family-grow/childbirth/,赤ちゃんが生まれたら、出生届・児童手当・新生児出生通知をまとめて進める。 | 静岡県森町ライフハック,life,276.0,0.0,high,既存URLの主要意図・本文を手動確認し「出産」へ統合,/life/family-grow/childbirth/,276.0
160,P1,子育て・学校,森町 子ども 引っ越し,子ども 引っ越し,/kosodate/guide-20/,MERGE,/life/moving-out/school-nursery-procedures/,/life/moving-out/school-nursery-procedures/,子どもの転出は、保育所は健康こども課、学校は在学校へそれぞれ確認する | 静岡県森町ライフハック,life,40.5,0.0,high,既存URLの主要意図・本文を手動確認し「子どもが転校する」へ統合,/life/moving-out/moving-away/,101.36
161,P1,防災・医療・困りごと,森町 ハザードマップ,ハザードマップ,/anshin/guide-01/,UPDATE,/life/emergency/evacuation-hazard-map/,/life/emergency/evacuation-hazard-map/,静岡県森町のハザードマップ｜洪水・土砂災害・避難所を確認 | 森町ライフハック,life,276.0,106.54,high,既存URLの主要意図・本文を手動確認し「ハザードマップ」へ統合。不足: description(56字),/questions/living-soon-disaster-risk/,169.46
162,P1,防災・医療・困りごと,森町 避難所,避難所,/anshin/guide-02/,KEEP,/life/emergency/evacuation-centers/,/life/emergency/evacuation-centers/,いざというとき、どこへ避難するかを静岡県森町のハザードマップと指定避難所で今のうちに決めておく。 | 森町ライフハック,life,276.0,38.0,high,既存URLの主要意図・本文を手動確認し「森町 避難所」へ統合,/questions/emergency-evacuation-centers/,238.0
163,P1,防災・医療・困りごと,森町 洪水,洪水,/anshin/guide-03/,MERGE,/life/emergency/evacuation-hazard-map/,/life/emergency/evacuation-hazard-map/,静岡県森町のハザードマップ｜洪水・土砂災害・避難所を確認 | 森町ライフハック,life,88.5,33.87,high,既存URLの主要意図・本文を手動確認し「森町のハザードマップ｜洪水・土砂災害・避難所を確認」へ統合。不足: description(56字),/life/living-soon/disaster-risk/,54.63
164,P1,防災・医療・困りごと,森町 土砂災害,土砂災害,/anshin/guide-04/,UPDATE,/life/emergency/evacuation-hazard-map/,/life/emergency/evacuation-hazard-map/,静岡県森町のハザードマップ｜洪水・土砂災害・避難所を確認 | 森町ライフハック,life,276.0,156.39,high,既存URLの主要意図・本文を手動確認し「土砂災害」へ統合。不足: description(56字),/questions/living-soon-disaster-risk/,119.61
165,P1,防災・医療・困りごと,森町 大雨 道路,大雨 道路,/anshin/guide-05/,MERGE,/life/emergency/road-river-info/,/life/emergency/road-river-info/,大雨・台風のとき、道路の通行止めと川の水位を静岡県のシステムで今すぐ確かめる。 | 森町ライフハック,life,82.89,39.78,high,既存URLの主要意図・本文を手動確認し「大雨・台風のとき、道路の通行止めと川の水位を静岡県のシステムで今すぐ確かめる。」へ統合。不足: description(87字),/life/emergency/road-river-info/,82.89
166,P1,防災・医療・困りごと,森町 河川 水位,河川 水位,/anshin/guide-06/,MERGE,/life/emergency/road-river-info/,/life/emergency/road-river-info/,大雨・台風のとき、道路の通行止めと川の水位を静岡県のシステムで今すぐ確かめる。 | 森町ライフハック,life,89.75,50.0,high,既存URLの主要意図・本文を手動確認し「川の水位」へ統合。不足: description(87字),/life/emergency/evacuation-hazard-map/,39.75
167,P1,防災・医療・困りごと,森町 夜間診療,夜間診療,/anshin/guide-07/,KEEP,/life/health-medical/night-holiday-medical/,/life/health-medical/night-holiday-medical/,静岡県森町の夜間・休日の急患｜緊急度と時間帯で受診先を決める | 森町ライフハック,life,276.0,225.56,high,既存URLの主要意図・本文を手動確認し「夜間診療」へ統合,/life/health-medical/find-hospitals/,50.44
168,P1,防災・医療・困りごと,森町 休日診療,休日診療,/anshin/guide-08/,KEEP,/life/health-medical/night-holiday-medical/,/life/health-medical/night-holiday-medical/,静岡県森町の夜間・休日の急患｜緊急度と時間帯で受診先を決める | 森町ライフハック,life,276.0,225.56,high,既存URLの主要意図・本文を手動確認し「休日診療」へ統合,/life/health-medical/find-hospitals/,50.44
169,P1,防災・医療・困りごと,森町 救急相談,救急相談,/anshin/guide-09/,KEEP,/life/health-medical/night-holiday-medical/,/life/health-medical/night-holiday-medical/,静岡県森町の夜間・休日の急患｜緊急度と時間帯で受診先を決める | 森町ライフハック,life,276.0,175.83,high,既存URLの主要意図・本文を手動確認し「救急相談」へ統合,/life/health-medical/disability-welfare/,100.17
170,P1,防災・医療・困りごと,森町 子ども 救急,子ども 救急,/anshin/guide-10/,CREATE,/life/emergency/child-emergency-care/,/life/play-out/find-parks/,静岡県森町の公園は、駐車場・遊具の有無など目的・年齢・アクセスで選ぶ | 森町ライフハック,life,104.75,16.25,high,既存129ページと質問ページに同一の主要検索意図がないため、既存URL体系内に新設,/life/health-medical/night-holiday-medical/,88.5
171,P1,防災・医療・困りごと,森町 防災 無線,防災 無線,/anshin/guide-11/,MERGE,/life/emergency/disaster-mail-line/,/life/emergency/disaster-mail-line/,災害の知らせを取りこぼさないよう、静岡県森町LINE公式アカウント・ちゃっとメールで平常時から備える。,life,72.94,38.0,high,既存URLの主要意図・本文を手動確認し「防災メール」へ統合,/questions/emergency-overview/,84.67
172,P1,防災・医療・困りごと,森町 停電,停電,/anshin/guide-12/,CREATE,/life/emergency/power-outage/,/life/health-medical/mental-health-consulting/,静岡県森町のこころの相談は、町の健康相談と県の心の電話・精神科救急ダイヤルを分けて確認する | 森町ライフハック,life,28.75,2.75,high,既存129ページと質問ページに同一の主要検索意図がないため、既存URL体系内に新設,/life/emergency/,26.0
173,P1,防災・医療・困りごと,森町 断水,断水,/anshin/guide-13/,CREATE,/life/emergency/water-outage/,/life/emergency/evacuation-hazard-map/,静岡県森町のハザードマップ｜洪水・土砂災害・避難所を確認 | 森町ライフハック,life,44.33,0.0,high,既存129ページと質問ページに同一の主要検索意図がないため、既存URL体系内に新設,/life/emergency/road-river-info/,44.33
174,P1,防災・医療・困りごと,森町 消費者相談,消費者相談,/anshin/guide-14/,MERGE,/life/troubles-consult/consumer-fraud/,/life/troubles-consult/consumer-fraud/,だまされたかも、契約してしまった。静岡県森町「町民生活センター」の消費生活相談へ早めに相談する。 | 森町ライフハック,life,66.0,0.0,high,既存URLの主要意図・本文を手動確認し「森町 消費生活相談」へ統合,/life/troubles-consult/,87.43
175,P1,防災・医療・困りごと,森町 詐欺 相談,詐欺 相談,/anshin/guide-15/,MERGE,/life/troubles-consult/consumer-fraud/,/life/troubles-consult/consumer-fraud/,だまされたかも、契約してしまった。静岡県森町「町民生活センター」の消費生活相談へ早めに相談する。 | 森町ライフハック,life,95.44,0.0,high,既存URLの主要意図・本文を手動確認し「詐欺・悪質商法の被害を相談する」へ統合,/life/troubles-consult/,122.67
176,P1,防災・医療・困りごと,森町 法律相談,法律相談,/anshin/guide-16/,KEEP,/life/troubles-consult/legal-general-consultation/,/life/troubles-consult/legal-general-consultation/,誰に相談すればいいか分からない悩みは、静岡県森町「暮らしの相談窓口」（無料法律相談等）へつなぐ。 | 森町ライフハック,life,276.0,119.0,high,既存URLの主要意図・本文を手動確認し「法律相談」へ統合,/questions/troubles-consult-legal-general-consultation/,157.0
177,P1,防災・医療・困りごと,森町 生活困窮 相談,生活困窮 相談,/anshin/guide-17/,KEEP,/life/troubles-consult/living-costs-trouble/,/life/troubles-consult/living-costs-trouble/,生活費が足りないとき、静岡県森町にはひとりで抱えず相談できる窓口がある | 森町ライフハック,life,276.0,175.0,high,既存URLの主要意図・本文を手動確認し「森町 生活困窮 相談」へ統合,/life/health-medical/disability-welfare/,101.0
178,P1,防災・医療・困りごと,森町 生活保護,生活保護,/anshin/guide-18/,MERGE,/life/troubles-consult/living-costs-trouble/,/life/troubles-consult/living-costs-trouble/,生活費が足りないとき、静岡県森町にはひとりで抱えず相談できる窓口がある | 森町ライフハック,life,53.5,5.5,high,既存URLの主要意図・本文を手動確認し「生活困窮」へ統合,/life/troubles-consult/consumer-fraud/,48.0
179,P1,防災・医療・困りごと,森町 DV 相談,DV 相談,/anshin/guide-19/,CREATE,/life/troubles-consult/dv-consultation/,/life/health-medical/disability-welfare/,静岡県森町の障がい者手帳・福祉は、手帳の種類と申請窓口を分けて確認する | 森町ライフハック,life,122.67,0.0,high,既存129ページと質問ページに同一の主要検索意図がないため、既存URL体系内に新設,/life/troubles-consult/,122.67
180,P1,防災・医療・困りごと,森町 高齢者 虐待 相談,高齢者 虐待 相談,/anshin/guide-20/,CREATE,/life/troubles-consult/elder-abuse-consultation/,/life/health-medical/disability-welfare/,静岡県森町の障がい者手帳・福祉は、手帳の種類と申請窓口を分けて確認する | 森町ライフハック,life,86.87,0.0,high,既存129ページと質問ページに同一の主要検索意図がないため、既存URL体系内に新設,/life/troubles-consult/,86.87
181,P2,移住・地域,森町 移住,移住,/kurashi/guide-01/,KEEP,/life/living-soon/,/life/living-soon/,🏡 これから暮らす | 静岡県森町ライフハック,life,276.0,0.0,high,既存URLの主要意図・本文を手動確認し「森町 移住」へ統合,/life/living-soon/want-to-live/,276.0
182,P2,移住・地域,森町 移住 補助金,移住 補助金,/kurashi/guide-02/,UPDATE,/life/living-soon/about-morimachi/,/life/living-soon/about-morimachi/,静岡県森町への移住｜補助金・仕事・住まい・子育て | 森町ライフハック,life,276.0,166.07,high,既存URLの主要意図・本文を手動確認し「森町 移住 補助金」へ統合。不足: description(61字),/life/living-soon/,109.93
183,P2,移住・地域,森町 住宅 補助金,住宅 補助金,/kurashi/guide-03/,KEEP,/life/housing/build-house/,/life/housing/build-house/,静岡県森町で家を建てる前に、耐震・補助金・結婚新生活支援を確認する。 | 森町ライフハック,life,246.0,8.0,high,既存URLの主要意図・本文を手動確認し「森町 住宅 補助金」へ統合,/questions/housing-build-house/,238.0
184,P2,移住・地域,森町 子育て 補助金,子育て 補助金,/kurashi/guide-04/,MERGE,/life/work-life/subsidies/,/life/work-life/subsidies/,静岡県森町の補助金｜住宅・子育て・移住の制度を探す | 森町ライフハック,life,92.67,0.0,high,既存URLの主要意図・本文を手動確認し「森町 補助金」へ統合。不足: description(81字),/life/work-life/subsidies/,92.67
185,P2,移住・地域,森町 図書館,図書館,/kurashi/guide-05/,KEEP,/life/play-out/visit-library/,/life/play-out/visit-library/,静岡県森町立図書館｜開館日・休館日・利用カードを確認 | 森町ライフハック,life,276.0,109.61,high,既存URLの主要意図・本文を手動確認し「図書館」へ統合,/questions/play-out-visit-library/,166.39
186,P2,移住・地域,森町 公民館,公民館,/kurashi/guide-06/,MERGE,/life/play-out/facilities-library-parks/,/life/play-out/facilities-library-parks/,静岡県森町の公共施設は、施設ガイドから目的別に探す | 森町ライフハック,life,41.71,3.67,high,既存URLの主要意図・本文を手動確認し「森町 公共施設」へ統合,/life/play-out/sports-facilities/,44.33
187,P2,移住・地域,森町 公共施設,公共施設,/kurashi/guide-07/,KEEP,/life/play-out/facilities-library-parks/,/life/play-out/facilities-library-parks/,静岡県森町の公共施設は、施設ガイドから目的別に探す | 森町ライフハック,life,276.0,8.0,high,既存URLの主要意図・本文を手動確認し「森町 公共施設」へ統合,/questions/play-out-facilities-library-parks/,268.0
188,P2,移住・地域,森町 公園,公園,/kurashi/guide-08/,KEEP,/life/play-out/find-parks/,/life/play-out/find-parks/,静岡県森町の公園は、駐車場・遊具の有無など目的・年齢・アクセスで選ぶ | 森町ライフハック,life,276.0,8.0,high,既存URLの主要意図・本文を手動確認し「森町 公園」へ統合,/questions/play-out-find-parks/,268.0
189,P2,移住・地域,森町 神社,神社,/kurashi/guide-09/,MERGE,/shrine/,/shrine/,静岡県森町の神社 | 森町ライフハック,page,124.43,8.93,high,既存URLの主要意図・本文を手動確認し「⛩️ 森町の神社」へ統合。不足: description(56字)、一次情報,/shrine/shrines/,115.5
190,P2,移住・地域,森町 寺院,寺院,/kurashi/guide-10/,MERGE,/temple/,/temple/,静岡県森町の寺院 | 森町ライフハック,page,137.17,21.67,high,既存URLの主要意図・本文を手動確認し「🛕 森町の寺院」へ統合。不足: description(61字)、一次情報,/temple/temples/,115.5
191,P2,移住・地域,森町 森地区 暮らし,森地区 暮らし,/kurashi/guide-11/,CREATE,/life/living-soon/areas/mori/,/life/living-soon/about-morimachi/,静岡県森町への移住｜補助金・仕事・住まい・子育て | 森町ライフハック,life,81.5,3.0,high,既存129ページと質問ページに同一の主要検索意図がないため、既存URL体系内に新設,/life/living-soon/want-to-live/,78.5
192,P2,移住・地域,森町 一宮地区 暮らし,一宮地区 暮らし,/kurashi/guide-12/,CREATE,/life/living-soon/areas/ichinomiya/,/life/living-soon/about-morimachi/,静岡県森町への移住｜補助金・仕事・住まい・子育て | 森町ライフハック,life,78.5,2.5,high,既存129ページと質問ページに同一の主要検索意図がないため、既存URL体系内に新設,/life/living-soon/want-to-live/,76.0
193,P2,移住・地域,森町 飯田地区 暮らし,飯田地区 暮らし,/kurashi/guide-13/,CREATE,/life/living-soon/areas/iida/,/life/living-soon/want-to-live/,自然に囲まれた広い家で、子どもをのびのび育てられる暮らしを静岡県森町で考える。 | 森町ライフハック,life,85.17,6.67,high,既存129ページと質問ページに同一の主要検索意図がないため、既存URL体系内に新設,/life/living-soon/about-morimachi/,78.5
194,P2,移住・地域,森町 園田地区 暮らし,園田地区 暮らし,/kurashi/guide-14/,CREATE,/life/living-soon/areas/sonoda/,/life/living-soon/want-to-live/,自然に囲まれた広い家で、子どもをのびのび育てられる暮らしを静岡県森町で考える。 | 森町ライフハック,life,85.17,6.67,high,既存129ページと質問ページに同一の主要検索意図がないため、既存URL体系内に新設,/life/living-soon/about-morimachi/,78.5
195,P2,移住・地域,森町 天方地区 暮らし,天方地区 暮らし,/kurashi/guide-15/,CREATE,/life/living-soon/areas/amagata/,/life/living-soon/about-morimachi/,静岡県森町への移住｜補助金・仕事・住まい・子育て | 森町ライフハック,life,78.5,2.5,high,既存129ページと質問ページに同一の主要検索意図がないため、既存URL体系内に新設,/life/living-soon/want-to-live/,76.0
196,P2,移住・地域,森町 三倉地区 暮らし,三倉地区 暮らし,/kurashi/guide-16/,CREATE,/life/living-soon/areas/mikura/,/life/living-soon/about-morimachi/,静岡県森町への移住｜補助金・仕事・住まい・子育て | 森町ライフハック,life,78.5,2.5,high,既存129ページと質問ページに同一の主要検索意図がないため、既存URL体系内に新設,/life/living-soon/want-to-live/,76.0
197,P2,移住・地域,森町 生活 基本情報,生活 基本情報,/kurashi/guide-17/,MERGE,/life/living-soon/about-morimachi/,/life/living-soon/about-morimachi/,静岡県森町への移住｜補助金・仕事・住まい・子育て | 森町ライフハック,life,26.0,3.67,high,既存URLの主要意図・本文を手動確認し「」へ統合。不足: description(61字),/life/troubles-consult/consumer-fraud/,36.83
198,P2,移住・地域,森町 交通,交通,/kurashi/guide-18/,UPDATE,/life/start-living/public-transit/,/life/start-living/public-transit/,静岡県森町の公共交通。町営バス（岡幸線・吉川線）と天竜浜名湖鉄道・秋葉バスサービスを使い分ける。 | 森町ライフハック,life,246.0,159.02,high,既存URLの主要意図・本文を手動確認し「交通」へ統合。不足: description(79字),/life/play-out/parking-access/,86.98
199,P2,移住・地域,森町 買い物,買い物,/kurashi/guide-19/,CREATE,/life/living-soon/shopping/,/life/parents-care/elderly-transportation/,通院・買い物の「足」に、静岡県森町の公共交通利用券助成事業を確認する | 森町ライフハック,life,66.6,8.0,high,既存129ページと質問ページに同一の主要検索意図がないため、既存URL体系内に新設,/questions/parents-care-elderly-transportation/,58.6
200,P2,移住・地域,森町 子育て 環境,子育て 環境,/kurashi/guide-20/,MERGE,/life/living-soon/about-morimachi/,/life/living-soon/about-morimachi/,静岡県森町への移住｜補助金・仕事・住まい・子育て | 森町ライフハック,life,65.0,8.0,high,既存URLの主要意図・本文を手動確認し「森町への移住｜補助金・仕事・住まい・子育て」へ統合。不足: description(61字),/questions/family-grow-overview/,96.75
